Workbook

Sheet Compare
A1: # | B1: Constraint | D1: Fuel Cost | H1: Startup Up Cost | I1: Shutdown Cost | J1: Total Cost
B2: myProject | C2: myUC | D2: Quadratic | E2: Linear | F2: No Load | G2: Piecewise
A3: 1 | B3: use_initial_condition con_power_balance con_capacity_upper con_capacity_lower con_startup_shutdown_logic | C3: consInit consUC | D3: 0 | E3: 3444016.2 | F3: 411849.85 | G3: 0 | H3: 14016 | I3: 0 | J3: 3869882.1
A4: 2 | B4: use_initial_condition con_power_balance con_capacity_upper con_capacity_lower con_startup_shutdown_logic con_minimum_up_time con_minimum_down_time | C4: consInit consUC consMUTMDT | D4: 0 | E4: 3454898.3 | F4: 418325.47 | G4: 0 | H4: 8304 | I4: 0 | J4: 3881527.8
C5: consUC consMUTMDT consBasicRamp | D5: 0 | E5: 345585436 | F5: 418325.47 | G5: 0 | H5: 8304 | I5: 0 | J5: 3882483.8
A6: 3 | B6: use_initial_condition con_power_balance con_capacity_upper con_capacity_lower con_startup_shutdown_logic con_minimum_up_time con_minimum_down_time con_ramp_up con_ramp_down | C6: consUC consMUTMDT consBasicRamp consInit | D6: 0 | E6: 3452429.4 | F6: 454586.54 | G6: 0 | H6: 0 | I6: 0 | J6: 3907015.9
A7: 4 | B7: use_initial_condition con_power_balance con_capacity_upper con_capacity_lower con_startup_shutdown_logic con_minimum_up_time con_minimum_down_time con_ramp_up con_ramp_down con_n1_spinning_reserve | C7: consUC consMUTMDT consBasicRamp consSRContingency consInit | D7: 0 | E7: 3452429.4 | F7: 514953.88 | G7: 0 | H7: 61840 | I7: 0 | J7: 4029223.2
C8: consUC consMUTMDT consBasicRamp consSRContingency | D8: 0 | E8: 3440079 | F8: 514953.88 | G8: 0 | H8: 61840 | I8: 0 | J8: 4016872.8
C9: consUC consMUTMDT consBasicRamp consSRPower consReserveJawaBali | D9: 0 | E9: 3549736 | F9: 606755.37 | G9: 0 | H9: 61840 | I9: 0 | J9: 4218331.4
C10: consUC consMUTMDT consBasicRamp consReserveJawaBali | D10: 0 | E10: 3549736 | F10: 606755.37 | G10: 0 | H10: 61840 | I10: 0 | J10: 4218331.4
A11: 5 | B11: use_initial_condition con_power_balance con_capacity_upper con_capacity_lower con_startup_shutdown_logic con_minimum_up_time con_minimum_down_time con_ramp_up con_ramp_down con_n1_spinning_reserve con_dynamic_frequency_security | C11: consUC consMUTMDT consBasicRamp consSRContingency consWorstCaseInertia consInit | D11: 0 | E11: 3965848.2 | F11: 550301.39 | G11: 0 | H11: 0 | I11: 0 | J11: 4516149.6
A12: 6 | B12: use_initial_condition con_power_balance con_capacity_upper con_capacity_lower con_startup_shutdown_logic con_minimum_up_time con_minimum_down_time con_ramp_up con_ramp_down con_n1_spinning_reserve con_steady_primary_frequency | C12: consUC consMUTMDT consBasicRamp consSRContingency consSteadyPrimFreq consInit | D12: 0 | E12: 3752693.7 | F12: 551968.11 | G12: 0 | H12: 0 | I12: 0 | J12: 4304661.8
B13: use_initial_condition con_power_balance con_capacity_upper con_capacity_lower con_startup_shutdown_logic con_minimum_up_time con_minimum_down_time con_ramp_up con_ramp_down con_n1_spinning_reserve con_steady_primary_frequency | D13: 0 | E13: 3452429.4 | F13: 514953.88 | G13: 0 | H13: 61840 | I13: 0 | J13: 4029223.2
A14: 8 | C14: consUC consMUTMDT consBasicRamp consReserveJawaBali consSteadyPrimFreq | D14: 0 | E14: 3695939.3 | F14: 606755.37 | G14: 0 | H14: 61840 | I14: 0 | J14: 4364534.7
A15: 9 | C15: consUC consMUTMDT consBasicRamp consReserveJawaBali consWorstCaseInertia | D15: 0 | E15: 3906762.6 | F15: 641975.75 | G15: 0 | H15: 0 | I15: 0 | J15: 4548738.3
A16: 7 | B16: use_initial_condition con_power_balance con_capacity_upper con_capacity_lower con_startup_shutdown_logic con_minimum_up_time con_minimum_down_time con_ramp_up con_ramp_down con_n1_spinning_reserve con_battery | C16: consUC consMUTMDT consBasicRamp consSRContingency consBattery consInit | D16: 0 | E16: 3506628 | F16: 507544.53 | G16: 0 | H16: 5712 | J16: 4019884.5
B17: use_initial_condition con_power_balance con_capacity_upper con_capacity_lower con_startup_shutdown_logic con_minimum_up_time con_minimum_down_time con_ramp_up con_ramp_down con_n1_spinning_reserve con_battery con_WT con_curtailment | D17: 0 | E17: 3226209.5 | F17: 487589.45 | G17: 0 | H17: 2592 | I17: 0 | J17: 3716390.9
B18: use_initial_condition con_power_balance con_capacity_upper con_capacity_lower con_startup_shutdown_logic con_minimum_up_time con_minimum_down_time con_ramp_up con_ramp_down con_n1_spinning_reserve con_WT con_curtailment | D18: 0 | E18: 3230864.4 | F18: 487589.45 | G18: 0 | H18: 2592 | I18: 0 | J18: 3721045.8

Sheet Sheet1
A1: #1
A2: consInit + consUC
A4: Objective | E4: UC Status | AE4: Dispatch | BF4: System Inertia | BO4: Spinning Reserve | CP4: Primary Reserve
A5: Fuel Cost | B5: Quadratic | C5: 0 | E5: Gen | F5: Hour | AE5: Gen | AG5: Hour | BF5: Hour | BG5: Hsys | BI5: Hour | BJ5: Hsys | BL5: Hour | BM5: Hsys | BO5: Gen | BQ5: Hour | CP5: Gen | CR5: Hour
B6: Linear | C6: 3444016.2 | F6: 1 | G6: 2 | H6: 3 | I6: 4 | J6: 5 | K6: 6 | L6: 7 | M6: 8 | N6: 9 | O6: 10 | P6: 11 | Q6: 12 | R6: 13 | S6: 14 | T6: 15 | U6: 16 | V6: 17 | W6: 18 | X6: 19 | Y6: 20 | Z6: 21 | AA6: 22 | AB6: 23 | AC6: 24 | AG6: 1 | AH6: 2 | AI6: 3 | AJ6: 4 | AK6: 5 | AL6: 6 | AM6: 7 | AN6: 8 | AO6: 9 | AP6: 10 | AQ6: 11 | AR6: 12 | AS6: 13 | AT6: 14 | AU6: 15 | AV6: 16 | AW6: 17 | AX6: 18 | AY6: 19 | AZ6: 20 | BA6: 21 | BB6: 22 | BC6: 23 | BD6: 24 | BF6: 1 | BG6: 505.5 | BI6: 11 | BJ6: 518.46 | BL6: 21 | BM6: 534.06 | BQ6: 1 | BR6: 2 | BS6: 3 | BT6: 4 | BU6: 5 | BV6: 6 | BW6: 7 | BX6: 8 | BY6: 9 | BZ6: 10 | CA6: 11 | CB6: 12 | CC6: 13 | CD6: 14 | CE6: 15 | CF6: 16 | CG6: 17 | CH6: 18 | CI6: 19 | CJ6: 20 | CK6: 21 | CL6: 22 | CM6: 23 | CN6: 24 | CR6: 1 | CS6: 2 | CT6: 3 | CU6: 4 | CV6: 5 | CW6: 6 | CX6: 7 | CY6: 8 | CZ6: 9 | DA6: 10 | DB6: 11 | DC6: 12 | DD6: 13 | DE6: 14 | DF6: 15 | DG6: 16 | DH6: 17 | DI6: 18 | DJ6: 19 | DK6: 20 | DL6: 21 | DM6: 22 | DN6: 23 | DO6: 24
B7: No Load | C7: 411849.85 | E7: G 01 | F7: 1 | G7: 1 | H7: 1 | I7: 1 | J7: 1 | K7: 1 | L7: 1 | M7: 1 | N7: 1 | O7: 1 | P7: 1 | Q7: 1 | R7: 1 | S7: 1 | T7: 1 | U7: 1 | V7: 1 | W7: 1 | X7: 1 | Y7: 1 | Z7: 1 | AA7: 1 | AB7: 1 | AC7: 1 | AE7: G 01 | AF7: PLTU 1 | AG7: 1176 | AH7: 1176 | AI7: 1176 | AJ7: 1176 | AK7: 1080.3834 | AL7: 1176 | AM7: 1176 | AN7: 1176 | AO7: 1176 | AP7: 1176 | AQ7: 1176 | AR7: 1176 | AS7: 1176 | AT7: 1176 | AU7: 1176 | AV7: 1176 | AW7: 1176 | AX7: 1176 | AY7: 1176 | AZ7: 1176 | BA7: 1176 | BB7: 1176 | BC7: 1176 | BD7: 1176 | BF7: 2 | BG7: 505.5 | BI7: 12 | BJ7: 518.46 | BL7: 22 | BM7: 518.46 | BO7: G 01 | CP7: G 01
B8: Piecewise | C8: 0 | E8: G 02 | F8: 0 | G8: 0 | H8: 0 | I8: 0 | J8: 0 | K8: 0 | L8: 0 | M8: 0 | N8: 0 | O8: 0 | P8: 0 | Q8: 0 | R8: 0 | S8: 0 | T8: 0 | U8: 0 | V8: 0 | W8: 0 | X8: 0 | Y8: 0 | Z8: 0 | AA8: 0 | AB8: 0 | AC8: 0 | AE8: G 02 | AF8: PLTGU 1 | AG8: 0 | AH8: 0 | AI8: 0 | AJ8: 0 | AK8: 0 | AL8: 0 | AM8: 0 | AN8: 0 | AO8: 0 | AP8: 0 | AQ8: 0 | AR8: 0 | AS8: 0 | AT8: 0 | AU8: 0 | AV8: 0 | AW8: 0 | AX8: 0 | AY8: 0 | AZ8: 0 | BA8: 0 | BB8: 0 | BC8: 0 | BD8: 0 | BF8: 3 | BG8: 505.5 | BI8: 13 | BJ8: 505.5 | BL8: 23 | BM8: 505.5 | BO8: G 02 | CP8: G 02
A9: Startup Cost | C9: 14016 | E9: G 03 | F9: 1 | G9: 1 | H9: 1 | I9: 1 | J9: 1 | K9: 1 | L9: 1 | M9: 1 | N9: 1 | O9: 1 | P9: 1 | Q9: 1 | R9: 1 | S9: 1 | T9: 1 | U9: 1 | V9: 1 | W9: 1 | X9: 1 | Y9: 1 | Z9: 1 | AA9: 1 | AB9: 1 | AC9: 1 | AE9: G 03 | AF9: PLTU 2 | AG9: 969 | AH9: 969 | AI9: 969 | AJ9: 969 | AK9: 969 | AL9: 969 | AM9: 969 | AN9: 969 | AO9: 969 | AP9: 969 | AQ9: 969 | AR9: 969 | AS9: 969 | AT9: 969 | AU9: 969 | AV9: 969 | AW9: 969 | AX9: 969 | AY9: 969 | AZ9: 969 | BA9: 969 | BB9: 969 | BC9: 969 | BD9: 969 | BF9: 4 | BG9: 505.5 | BI9: 14 | BJ9: 518.46 | BL9: 24 | BM9: 505.5 | BO9: G 03 | CP9: G 03
A10: Shutdown Cost | C10: 0 | E10: G 04 | F10: 0 | G10: 0 | H10: 0 | I10: 0 | J10: 0 | K10: 0 | L10: 0 | M10: 0 | N10: 0 | O10: 0 | P10: 0 | Q10: 0 | R10: 0 | S10: 0 | T10: 1 | U10: 1 | V10: 1 | W10: 0 | X10: 0 | Y10: 1 | Z10: 1 | AA10: 0 | AB10: 0 | AC10: 0 | AE10: G 04 | AF10: PLTG 1 | AG10: 0 | AH10: 0 | AI10: 0 | AJ10: 0 | AK10: 0 | AL10: 0 | AM10: 0 | AN10: 0 | AO10: 0 | AP10: 0 | AQ10: 0 | AR10: 0 | AS10: 0 | AT10: 0 | AU10: 91.427011 | AV10: 112.58914 | AW10: 85 | AX10: 0 | AY10: 0 | AZ10: 116.4 | BA10: 85 | BB10: 0 | BC10: 0 | BD10: 0 | BF10: 5 | BG10: 505.5 | BI10: 15 | BJ10: 534.06 | BO10: G 04 | CP10: G 04
A11: Total Cost | C11: =SUM(C5:C10) -> 3869882.1 | E11: G 05 | F11: 0 | G11: 0 | H11: 0 | I11: 0 | J11: 0 | K11: 0 | L11: 0 | M11: 0 | N11: 0 | O11: 0 | P11: 1 | Q11: 1 | R11: 0 | S11: 1 | T11: 1 | U11: 0 | V11: 0 | W11: 0 | X11: 1 | Y11: 1 | Z11: 1 | AA11: 1 | AB11: 0 | AC11: 0 | AE11: G 05 | AF11: PLTG 2 | AG11: 0 | AH11: 0 | AI11: 0 | AJ11: 0 | AK11: 0 | AL11: 0 | AM11: 0 | AN11: 0 | AO11: 0 | AP11: 0 | AQ11: 66 | AR11: 82.115754 | AS11: 0 | AT11: 66 | AU11: 66 | AV11: 0 | AW11: 0 | AX11: 0 | AY11: 66 | AZ11: 66 | BA11: 66 | BB11: 66 | BC11: 0 | BD11: 0 | BF11: 6 | BG11: 505.5 | BI11: 16 | BJ11: 521.1 | BO11: G 05 | CP11: G 05
E12: G 06 | F12: 1 | G12: 1 | H12: 1 | I12: 1 | J12: 1 | K12: 1 | L12: 1 | M12: 1 | N12: 1 | O12: 1 | P12: 1 | Q12: 1 | R12: 1 | S12: 1 | T12: 1 | U12: 1 | V12: 1 | W12: 1 | X12: 1 | Y12: 1 | Z12: 1 | AA12: 1 | AB12: 1 | AC12: 1 | AE12: G 06 | AF12: PLTGU 2 | AG12: 370.67683 | AH12: 318.16845 | AI12: 250 | AJ12: 250 | AK12: 250 | AL12: 356.52102 | AM12: 418.06041 | AN12: 369.69194 | AO12: 676.45406 | AP12: 992.07191 | AQ12: 1059.9846 | AR12: 1095 | AS12: 926.58459 | AT12: 1034.8113 | AU12: 1095 | AV12: 1095 | AW12: 1060.4488 | AX12: 1045.5568 | AY12: 1031.2723 | AZ12: 1095 | BA12: 1074.6845 | BB12: 1053.2989 | BC12: 848.51896 | BD12: 641.2565 | BF12: 7 | BG12: 505.5 | BI12: 17 | BJ12: 521.1 | BO12: G 06 | CP12: G 06
E13: G 07 | F13: 0 | G13: 0 | H13: 0 | I13: 0 | J13: 0 | K13: 0 | L13: 0 | M13: 0 | N13: 0 | O13: 0 | P13: 0 | Q13: 0 | R13: 0 | S13: 0 | T13: 0 | U13: 0 | V13: 0 | W13: 0 | X13: 0 | Y13: 0 | Z13: 0 | AA13: 0 | AB13: 0 | AC13: 0 | AE13: G 07 | AF13: PLTGU 3 | AG13: 0 | AH13: 0 | AI13: 0 | AJ13: 0 | AK13: 0 | AL13: 0 | AM13: 0 | AN13: 0 | AO13: 0 | AP13: 0 | AQ13: 0 | AR13: 0 | AS13: 0 | AT13: 0 | AU13: 0 | AV13: 0 | AW13: 0 | AX13: 0 | AY13: 0 | AZ13: 0 | BA13: 0 | BB13: 0 | BC13: 0 | BD13: 0 | BF13: 8 | BG13: 505.5 | BI13: 18 | BJ13: 505.5 | BO13: G 07 | CP13: G 07
E14: G 08 | F14: 0 | G14: 0 | H14: 0 | I14: 0 | J14: 0 | K14: 0 | L14: 0 | M14: 0 | N14: 0 | O14: 0 | P14: 0 | Q14: 0 | R14: 0 | S14: 0 | T14: 0 | U14: 0 | V14: 0 | W14: 0 | X14: 0 | Y14: 0 | Z14: 0 | AA14: 0 | AB14: 0 | AC14: 0 | AE14: G 08 | AF14: PLTGU 4 | AG14: 0 | AH14: 0 | AI14: 0 | AJ14: 0 | AK14: 0 | AL14: 0 | AM14: 0 | AN14: 0 | AO14: 0 | AP14: 0 | AQ14: 0 | AR14: 0 | AS14: 0 | AT14: 0 | AU14: 0 | AV14: 0 | AW14: 0 | AX14: 0 | AY14: 0 | AZ14: 0 | BA14: 0 | BB14: 0 | BC14: 0 | BD14: 0 | BF14: 9 | BG14: 505.5 | BI14: 19 | BJ14: 518.46 | BO14: G 08 | CP14: G 08
E15: G 09 | F15: 1 | G15: 1 | H15: 1 | I15: 1 | J15: 1 | K15: 1 | L15: 1 | M15: 1 | N15: 1 | O15: 1 | P15: 1 | Q15: 1 | R15: 1 | S15: 1 | T15: 1 | U15: 1 | V15: 1 | W15: 1 | X15: 1 | Y15: 1 | Z15: 1 | AA15: 1 | AB15: 1 | AC15: 1 | AE15: G 09 | AF15: PLTU 3 | AG15: 870 | AH15: 870 | AI15: 854.20179 | AJ15: 774.38337 | AK15: 870 | AL15: 870 | AM15: 870 | AN15: 870 | AO15: 870 | AP15: 870 | AQ15: 870 | AR15: 870 | AS15: 870 | AT15: 870 | AU15: 870 | AV15: 870 | AW15: 870 | AX15: 870 | AY15: 870 | AZ15: 870 | BA15: 870 | BB15: 870 | BC15: 870 | BD15: 870 | BF15: 10 | BG15: 505.5 | BI15: 20 | BJ15: 534.06 | BO15: G 09 | CP15: G 09
E16: G 10 | F16: 1 | G16: 1 | H16: 1 | I16: 1 | J16: 1 | K16: 1 | L16: 1 | M16: 1 | N16: 1 | O16: 1 | P16: 1 | Q16: 1 | R16: 1 | S16: 1 | T16: 1 | U16: 1 | V16: 1 | W16: 1 | X16: 1 | Y16: 1 | Z16: 1 | AA16: 1 | AB16: 1 | AC16: 1 | AE16: G 10 | AF16: PLTU 4 | AG16: 840 | AH16: 840 | AI16: 840 | AJ16: 840 | AK16: 840 | AL16: 840 | AM16: 840 | AN16: 840 | AO16: 840 | AP16: 840 | AQ16: 840 | AR16: 840 | AS16: 840 | AT16: 840 | AU16: 840 | AV16: 840 | AW16: 840 | AX16: 840 | AY16: 840 | AZ16: 840 | BA16: 840 | BB16: 840 | BC16: 840 | BD16: 840 | BO16: G 10 | CP16: G 10
A19: #2
A20: consInit + consUC + consMUTMDT
A22: Objective | E22: UC Status | AE22: Dispatch | BF22: System Inertia | BO22: Spinning Reserve | CP22: Primary Reserve
A23: Fuel Cost | B23: Quadratic | C23: 0 | E23: Gen | F23: Hour | AE23: Gen | AG23: Hour | BF23: Hour | BG23: Hsys | BI23: Hour | BJ23: Hsys | BL23: Hour | BM23: Hsys | BO23: Gen | BQ23: Hour | CP23: Gen | CR23: Hour
B24: Linear | C24: 3454898.3 | F24: 1 | G24: 2 | H24: 3 | I24: 4 | J24: 5 | K24: 6 | L24: 7 | M24: 8 | N24: 9 | O24: 10 | P24: 11 | Q24: 12 | R24: 13 | S24: 14 | T24: 15 | U24: 16 | V24: 17 | W24: 18 | X24: 19 | Y24: 20 | Z24: 21 | AA24: 22 | AB24: 23 | AC24: 24 | AG24: 1 | AH24: 2 | AI24: 3 | AJ24: 4 | AK24: 5 | AL24: 6 | AM24: 7 | AN24: 8 | AO24: 9 | AP24: 10 | AQ24: 11 | AR24: 12 | AS24: 13 | AT24: 14 | AU24: 15 | AV24: 16 | AW24: 17 | AX24: 18 | AY24: 19 | AZ24: 20 | BA24: 21 | BB24: 22 | BC24: 23 | BD24: 24 | BF24: 1 | BG24: 505.5 | BI24: 11 | BJ24: 521.1 | BL24: 21 | BM24: 534.06 | BQ24: 1 | BR24: 2 | BS24: 3 | BT24: 4 | BU24: 5 | BV24: 6 | BW24: 7 | BX24: 8 | BY24: 9 | BZ24: 10 | CA24: 11 | CB24: 12 | CC24: 13 | CD24: 14 | CE24: 15 | CF24: 16 | CG24: 17 | CH24: 18 | CI24: 19 | CJ24: 20 | CK24: 21 | CL24: 22 | CM24: 23 | CN24: 24 | CR24: 1 | CS24: 2 | CT24: 3 | CU24: 4 | CV24: 5 | CW24: 6 | CX24: 7 | CY24: 8 | CZ24: 9 | DA24: 10 | DB24: 11 | DC24: 12 | DD24: 13 | DE24: 14 | DF24: 15 | DG24: 16 | DH24: 17 | DI24: 18 | DJ24: 19 | DK24: 20 | DL24: 21 | DM24: 22 | DN24: 23 | DO24: 24
B25: No Load | C25: 418325.47 | E25: G 01 | F25: 1 | G25: 1 | H25: 1 | I25: 1 | J25: 1 | K25: 1 | L25: 1 | M25: 1 | N25: 1 | O25: 1 | P25: 1 | Q25: 1 | R25: 1 | S25: 1 | T25: 1 | U25: 1 | V25: 1 | W25: 1 | X25: 1 | Y25: 1 | Z25: 1 | AA25: 1 | AB25: 1 | AC25: 1 | AE25: G 01 | AF25: PLTU 1 | AG25: 1176 | AH25: 1176 | AI25: 1160.2018 | AJ25: 1080.3834 | AK25: 1080.3834 | AL25: 1176 | AM25: 1176 | AN25: 1176 | AO25: 1176 | AP25: 1176 | AQ25: 1176 | AR25: 1176 | AS25: 1176 | AT25: 1176 | AU25: 1176 | AV25: 1176 | AW25: 1176 | AX25: 1176 | AY25: 1176 | AZ25: 1176 | BA25: 1176 | BB25: 1176 | BC25: 1176 | BD25: 1176 | BF25: 2 | BG25: 505.5 | BI25: 12 | BJ25: 521.1 | BL25: 22 | BM25: 521.1 | BO25: G 01 | CP25: G 01
B26: Piecewise | C26: 0 | E26: G 02 | F26: 0 | G26: 0 | H26: 0 | I26: 0 | J26: 0 | K26: 0 | L26: 0 | M26: 0 | N26: 0 | O26: 0 | P26: 0 | Q26: 0 | R26: 0 | S26: 0 | T26: 0 | U26: 0 | V26: 0 | W26: 0 | X26: 0 | Y26: 0 | Z26: 0 | AA26: 0 | AB26: 0 | AC26: 0 | AE26: G 02 | AF26: PLTGU 1 | AG26: 0 | AH26: 0 | AI26: 0 | AJ26: 0 | AK26: 0 | AL26: 0 | AM26: 0 | AN26: 0 | AO26: 0 | AP26: 0 | AQ26: 0 | AR26: 0 | AS26: 0 | AT26: 0 | AU26: 0 | AV26: 0 | AW26: 0 | AX26: 0 | AY26: 0 | AZ26: 0 | BA26: 0 | BB26: 0 | BC26: 0 | BD26: 0 | BF26: 3 | BG26: 505.5 | BI26: 13 | BJ26: 521.1 | BL26: 23 | BM26: 505.5 | BO26: G 02 | CP26: G 02
A27: Startup Cost | C27: 8304 | E27: G 03 | F27: 1 | G27: 1 | H27: 1 | I27: 1 | J27: 1 | K27: 1 | L27: 1 | M27: 1 | N27: 1 | O27: 1 | P27: 1 | Q27: 1 | R27: 1 | S27: 1 | T27: 1 | U27: 1 | V27: 1 | W27: 1 | X27: 1 | Y27: 1 | Z27: 1 | AA27: 1 | AB27: 1 | AC27: 1 | AE27: G 03 | AF27: PLTU 2 | AG27: 969 | AH27: 969 | AI27: 969 | AJ27: 969 | AK27: 969 | AL27: 969 | AM27: 969 | AN27: 969 | AO27: 969 | AP27: 969 | AQ27: 969 | AR27: 969 | AS27: 969 | AT27: 969 | AU27: 969 | AV27: 969 | AW27: 969 | AX27: 969 | AY27: 969 | AZ27: 969 | BA27: 969 | BB27: 969 | BC27: 969 | BD27: 969 | BF27: 4 | BG27: 505.5 | BI27: 14 | BJ27: 521.1 | BL27: 24 | BM27: 505.5 | BO27: G 03 | CP27: G 03
A28: Shutdown Cost | C28: 0 | E28: G 04 | F28: 0 | G28: 0 | H28: 0 | I28: 0 | J28: 0 | K28: 0 | L28: 0 | M28: 0 | N28: 0 | O28: 0 | P28: 1 | Q28: 1 | R28: 1 | S28: 1 | T28: 1 | U28: 1 | V28: 1 | W28: 1 | X28: 1 | Y28: 1 | Z28: 1 | AA28: 1 | AB28: 0 | AC28: 0 | AE28: G 04 | AF28: PLTG 1 | AG28: 0 | AH28: 0 | AI28: 0 | AJ28: 0 | AK28: 0 | AL28: 0 | AM28: 0 | AN28: 0 | AO28: 0 | AP28: 0 | AQ28: 85 | AR28: 85 | AS28: 85 | AT28: 85 | AU28: 91.427011 | AV28: 85 | AW28: 85 | AX28: 85 | AY28: 85 | AZ28: 85 | BA28: 85 | BB28: 85 | BC28: 0 | BD28: 0 | BF28: 5 | BG28: 505.5 | BI28: 15 | BJ28: 534.06 | BO28: G 04 | CP28: G 04
A29: Total Cost | C29: =SUM(C23:C28) -> 3881527.8 | E29: G 05 | F29: 0 | G29: 0 | H29: 0 | I29: 0 | J29: 0 | K29: 0 | L29: 0 | M29: 0 | N29: 0 | O29: 0 | P29: 0 | Q29: 0 | R29: 0 | S29: 0 | T29: 1 | U29: 1 | V29: 0 | W29: 0 | X29: 0 | Y29: 1 | Z29: 1 | AA29: 0 | AB29: 0 | AC29: 0 | AE29: G 05 | AF29: PLTG 2 | AG29: 0 | AH29: 0 | AI29: 0 | AJ29: 0 | AK29: 0 | AL29: 0 | AM29: 0 | AN29: 0 | AO29: 0 | AP29: 0 | AQ29: 0 | AR29: 0 | AS29: 0 | AT29: 0 | AU29: 66 | AV29: 66 | AW29: 0 | AX29: 0 | AY29: 0 | AZ29: 97.4 | BA29: 66 | BB29: 0 | BC29: 0 | BD29: 0 | BF29: 6 | BG29: 505.5 | BI29: 16 | BJ29: 534.06 | BO29: G 05 | CP29: G 05
E30: G 06 | F30: 1 | G30: 1 | H30: 1 | I30: 1 | J30: 1 | K30: 1 | L30: 1 | M30: 1 | N30: 1 | O30: 1 | P30: 1 | Q30: 1 | R30: 1 | S30: 1 | T30: 1 | U30: 1 | V30: 1 | W30: 1 | X30: 1 | Y30: 1 | Z30: 1 | AA30: 1 | AB30: 1 | AC30: 1 | AE30: G 06 | AF30: PLTGU 2 | AG30: 370.67683 | AH30: 318.16845 | AI30: 250 | AJ30: 250 | AK30: 250 | AL30: 356.52102 | AM30: 418.06041 | AN30: 369.69194 | AO30: 676.45406 | AP30: 992.07191 | AQ30: 1040.9846 | AR30: 1092.1158 | AS30: 841.58459 | AT30: 1015.8113 | AU30: 1095 | AV30: 1056.5891 | AW30: 1060.4488 | AX30: 960.55684 | AY30: 1012.2723 | AZ30: 1095 | BA30: 1074.6845 | BB30: 1034.2989 | BC30: 848.51896 | BD30: 641.2565 | BF30: 7 | BG30: 505.5 | BI30: 17 | BJ30: 521.1 | BO30: G 06 | CP30: G 06
E31: G 07 | F31: 0 | G31: 0 | H31: 0 | I31: 0 | J31: 0 | K31: 0 | L31: 0 | M31: 0 | N31: 0 | O31: 0 | P31: 0 | Q31: 0 | R31: 0 | S31: 0 | T31: 0 | U31: 0 | V31: 0 | W31: 0 | X31: 0 | Y31: 0 | Z31: 0 | AA31: 0 | AB31: 0 | AC31: 0 | AE31: G 07 | AF31: PLTGU 3 | AG31: 0 | AH31: 0 | AI31: 0 | AJ31: 0 | AK31: 0 | AL31: 0 | AM31: 0 | AN31: 0 | AO31: 0 | AP31: 0 | AQ31: 0 | AR31: 0 | AS31: 0 | AT31: 0 | AU31: 0 | AV31: 0 | AW31: 0 | AX31: 0 | AY31: 0 | AZ31: 0 | BA31: 0 | BB31: 0 | BC31: 0 | BD31: 0 | BF31: 8 | BG31: 505.5 | BI31: 18 | BJ31: 521.1 | BO31: G 07 | CP31: G 07
E32: G 08 | F32: 0 | G32: 0 | H32: 0 | I32: 0 | J32: 0 | K32: 0 | L32: 0 | M32: 0 | N32: 0 | O32: 0 | P32: 0 | Q32: 0 | R32: 0 | S32: 0 | T32: 0 | U32: 0 | V32: 0 | W32: 0 | X32: 0 | Y32: 0 | Z32: 0 | AA32: 0 | AB32: 0 | AC32: 0 | AE32: G 08 | AF32: PLTGU 4 | AG32: 0 | AH32: 0 | AI32: 0 | AJ32: 0 | AK32: 0 | AL32: 0 | AM32: 0 | AN32: 0 | AO32: 0 | AP32: 0 | AQ32: 0 | AR32: 0 | AS32: 0 | AT32: 0 | AU32: 0 | AV32: 0 | AW32: 0 | AX32: 0 | AY32: 0 | AZ32: 0 | BA32: 0 | BB32: 0 | BC32: 0 | BD32: 0 | BF32: 9 | BG32: 505.5 | BI32: 19 | BJ32: 521.1 | BO32: G 08 | CP32: G 08
E33: G 09 | F33: 1 | G33: 1 | H33: 1 | I33: 1 | J33: 1 | K33: 1 | L33: 1 | M33: 1 | N33: 1 | O33: 1 | P33: 1 | Q33: 1 | R33: 1 | S33: 1 | T33: 1 | U33: 1 | V33: 1 | W33: 1 | X33: 1 | Y33: 1 | Z33: 1 | AA33: 1 | AB33: 1 | AC33: 1 | AE33: G 09 | AF33: PLTU 3 | AG33: 870 | AH33: 870 | AI33: 870 | AJ33: 870 | AK33: 870 | AL33: 870 | AM33: 870 | AN33: 870 | AO33: 870 | AP33: 870 | AQ33: 870 | AR33: 870 | AS33: 870 | AT33: 870 | AU33: 870 | AV33: 870 | AW33: 870 | AX33: 870 | AY33: 870 | AZ33: 870 | BA33: 870 | BB33: 870 | BC33: 870 | BD33: 870 | BF33: 10 | BG33: 505.5 | BI33: 20 | BJ33: 534.06 | BO33: G 09 | CP33: G 09
E34: G 10 | F34: 1 | G34: 1 | H34: 1 | I34: 1 | J34: 1 | K34: 1 | L34: 1 | M34: 1 | N34: 1 | O34: 1 | P34: 1 | Q34: 1 | R34: 1 | S34: 1 | T34: 1 | U34: 1 | V34: 1 | W34: 1 | X34: 1 | Y34: 1 | Z34: 1 | AA34: 1 | AB34: 1 | AC34: 1 | AE34: G 10 | AF34: PLTU 4 | AG34: 840 | AH34: 840 | AI34: 840 | AJ34: 840 | AK34: 840 | AL34: 840 | AM34: 840 | AN34: 840 | AO34: 840 | AP34: 840 | AQ34: 840 | AR34: 840 | AS34: 840 | AT34: 840 | AU34: 840 | AV34: 840 | AW34: 840 | AX34: 840 | AY34: 840 | AZ34: 840 | BA34: 840 | BB34: 840 | BC34: 840 | BD34: 840 | BO34: G 10 | CP34: G 10
A37: #3
A38: consInit + consUC + consMUTMDT + consBasicRamp
A40: Objective | E40: UC Status | AE40: Dispatch | BF40: System Inertia | BO40: Spinning Reserve | CP40: Primary Reserve
A41: Fuel Cost | B41: Quadratic | C41: 0 | E41: Gen | F41: Hour | AE41: Gen | AG41: Hour | BF41: Hour | BG41: Hsys | BI41: Hour | BJ41: Hsys | BL41: Hour | BM41: Hsys | BO41: Gen | BQ41: Hour | CP41: Gen | CR41: Hour
B42: Linear | C42: 3452429.4 | F42: 1 | G42: 2 | H42: 3 | I42: 4 | J42: 5 | K42: 6 | L42: 7 | M42: 8 | N42: 9 | O42: 10 | P42: 11 | Q42: 12 | R42: 13 | S42: 14 | T42: 15 | U42: 16 | V42: 17 | W42: 18 | X42: 19 | Y42: 20 | Z42: 21 | AA42: 22 | AB42: 23 | AC42: 24 | AG42: 1 | AH42: 2 | AI42: 3 | AJ42: 4 | AK42: 5 | AL42: 6 | AM42: 7 | AN42: 8 | AO42: 9 | AP42: 10 | AQ42: 11 | AR42: 12 | AS42: 13 | AT42: 14 | AU42: 15 | AV42: 16 | AW42: 17 | AX42: 18 | AY42: 19 | AZ42: 20 | BA42: 21 | BB42: 22 | BC42: 23 | BD42: 24 | BF42: 1 | BG42: 651.3 | BI42: 11 | BJ42: 651.3 | BL42: 21 | BM42: 651.3 | BQ42: 1 | BR42: 2 | BS42: 3 | BT42: 4 | BU42: 5 | BV42: 6 | BW42: 7 | BX42: 8 | BY42: 9 | BZ42: 10 | CA42: 11 | CB42: 12 | CC42: 13 | CD42: 14 | CE42: 15 | CF42: 16 | CG42: 17 | CH42: 18 | CI42: 19 | CJ42: 20 | CK42: 21 | CL42: 22 | CM42: 23 | CN42: 24 | CR42: 1 | CS42: 2 | CT42: 3 | CU42: 4 | CV42: 5 | CW42: 6 | CX42: 7 | CY42: 8 | CZ42: 9 | DA42: 10 | DB42: 11 | DC42: 12 | DD42: 13 | DE42: 14 | DF42: 15 | DG42: 16 | DH42: 17 | DI42: 18 | DJ42: 19 | DK42: 20 | DL42: 21 | DM42: 22 | DN42: 23 | DO42: 24
B43: No Load | C43: 454586.54 | E43: G 01 | F43: 1 | G43: 1 | H43: 1 | I43: 1 | J43: 1 | K43: 1 | L43: 1 | M43: 1 | N43: 1 | O43: 1 | P43: 1 | Q43: 1 | R43: 1 | S43: 1 | T43: 1 | U43: 1 | V43: 1 | W43: 1 | X43: 1 | Y43: 1 | Z43: 1 | AA43: 1 | AB43: 1 | AC43: 1 | AE43: G 01 | AF43: PLTU 1 | AG43: 1176 | AH43: 1176 | AI43: 1176 | AJ43: 1176 | AK43: 1176 | AL43: 1056 | AM43: 1096.0604 | AN43: 1056 | AO43: 1176 | AP43: 1176 | AQ43: 1176 | AR43: 1176 | AS43: 1176 | AT43: 1176 | AU43: 1176 | AV43: 1176 | AW43: 1176 | AX43: 1176 | AY43: 1176 | AZ43: 1176 | BA43: 1176 | BB43: 1176 | BC43: 1176 | BD43: 1176 | BF43: 2 | BG43: 651.3 | BI43: 12 | BJ43: 651.3 | BL43: 22 | BM43: 651.3 | BO43: G 01 | CP43: G 01
B44: Piecewise | C44: 0 | E44: G 02 | F44: 0 | G44: 0 | H44: 0 | I44: 0 | J44: 0 | K44: 0 | L44: 0 | M44: 0 | N44: 0 | O44: 0 | P44: 0 | Q44: 0 | R44: 0 | S44: 0 | T44: 0 | U44: 0 | V44: 0 | W44: 0 | X44: 0 | Y44: 0 | Z44: 0 | AA44: 0 | AB44: 0 | AC44: 0 | AE44: G 02 | AF44: PLTGU 1 | AG44: 0 | AH44: 0 | AI44: 0 | AJ44: 0 | AK44: 0 | AL44: 0 | AM44: 0 | AN44: 0 | AO44: 0 | AP44: 0 | AQ44: 0 | AR44: 0 | AS44: 0 | AT44: 0 | AU44: 0 | AV44: 0 | AW44: 0 | AX44: 0 | AY44: 0 | AZ44: 0 | BA44: 0 | BB44: 0 | BC44: 0 | BD44: 0 | BF44: 3 | BG44: 651.3 | BI44: 13 | BJ44: 651.3 | BL44: 23 | BM44: 505.5 | BO44: G 02 | CP44: G 02
A45: Startup Cost | C45: 0 | E45: G 03 | F45: 1 | G45: 1 | H45: 1 | I45: 1 | J45: 1 | K45: 1 | L45: 1 | M45: 1 | N45: 1 | O45: 1 | P45: 1 | Q45: 1 | R45: 1 | S45: 1 | T45: 1 | U45: 1 | V45: 1 | W45: 1 | X45: 1 | Y45: 1 | Z45: 1 | AA45: 1 | AB45: 1 | AC45: 1 | AE45: G 03 | AF45: PLTU 2 | AG45: 720 | AH45: 840 | AI45: 960 | AJ45: 880.18159 | AK45: 865.38337 | AL45: 947.52102 | AM45: 969 | AN45: 960.69194 | AO45: 969 | AP45: 969 | AQ45: 969 | AR45: 969 | AS45: 969 | AT45: 969 | AU45: 969 | AV45: 969 | AW45: 969 | AX45: 969 | AY45: 969 | AZ45: 969 | BA45: 969 | BB45: 969 | BC45: 969 | BD45: 969 | BF45: 4 | BG45: 651.3 | BI45: 14 | BJ45: 651.3 | BL45: 24 | BM45: 505.5 | BO45: G 03 | CP45: G 03
A46: Shutdown Cost | C46: 0 | E46: G 04 | F46: 0 | G46: 0 | H46: 0 | I46: 0 | J46: 0 | K46: 0 | L46: 0 | M46: 0 | N46: 0 | O46: 0 | P46: 0 | Q46: 0 | R46: 0 | S46: 0 | T46: 0 | U46: 0 | V46: 0 | W46: 0 | X46: 0 | Y46: 0 | Z46: 0 | AA46: 0 | AB46: 0 | AC46: 0 | AE46: G 04 | AF46: PLTG 1 | AG46: 0 | AH46: 0 | AI46: 0 | AJ46: 0 | AK46: 0 | AL46: 0 | AM46: 0 | AN46: 0 | AO46: 0 | AP46: 0 | AQ46: 0 | AR46: 0 | AS46: 0 | AT46: 0 | AU46: 0 | AV46: 0 | AW46: 0 | AX46: 0 | AY46: 0 | AZ46: 0 | BA46: 0 | BB46: 0 | BC46: 0 | BD46: 0 | BF46: 5 | BG46: 651.3 | BI46: 15 | BJ46: 651.3 | BO46: G 04 | CP46: G 04
A47: Total Cost | C47: =SUM(C41:C46) -> 3907015.9 | E47: G 05 | F47: 0 | G47: 0 | H47: 0 | I47: 0 | J47: 0 | K47: 0 | L47: 0 | M47: 0 | N47: 0 | O47: 0 | P47: 0 | Q47: 0 | R47: 0 | S47: 0 | T47: 0 | U47: 0 | V47: 0 | W47: 0 | X47: 0 | Y47: 0 | Z47: 0 | AA47: 0 | AB47: 0 | AC47: 0 | AE47: G 05 | AF47: PLTG 2 | AG47: 0 | AH47: 0 | AI47: 0 | AJ47: 0 | AK47: 0 | AL47: 0 | AM47: 0 | AN47: 0 | AO47: 0 | AP47: 0 | AQ47: 0 | AR47: 0 | AS47: 0 | AT47: 0 | AU47: 0 | AV47: 0 | AW47: 0 | AX47: 0 | AY47: 0 | AZ47: 0 | BA47: 0 | BB47: 0 | BC47: 0 | BD47: 0 | BF47: 6 | BG47: 651.3 | BI47: 16 | BJ47: 651.3 | BO47: G 05 | CP47: G 05
E48: G 06 | F48: 1 | G48: 1 | H48: 1 | I48: 1 | J48: 1 | K48: 1 | L48: 1 | M48: 1 | N48: 1 | O48: 1 | P48: 1 | Q48: 1 | R48: 1 | S48: 1 | T48: 1 | U48: 1 | V48: 1 | W48: 1 | X48: 1 | Y48: 1 | Z48: 1 | AA48: 1 | AB48: 1 | AC48: 1 | AE48: G 06 | AF48: PLTGU 2 | AG48: 401.67683 | AH48: 289.16845 | AI48: 250 | AJ48: 250 | AK48: 250 | AL48: 250 | AM48: 250 | AN48: 250 | AO48: 428.45406 | AP48: 444.07191 | AQ48: 315.98456 | AR48: 615.98456 | AS48: 665.4534 | AT48: 590.81125 | AU48: 442.42701 | AV48: 635.4488 | AW48: 335.4488 | AX48: 429.4 | AY48: 729.4 | AZ48: 1029.4 | BA48: 977.68455 | BB48: 871.29894 | BC48: 848.51896 | BD48: 641.2565 | BF48: 7 | BG48: 651.3 | BI48: 17 | BJ48: 651.3 | BO48: G 06 | CP48: G 06
E49: G 07 | F49: 1 | G49: 1 | H49: 1 | I49: 1 | J49: 1 | K49: 1 | L49: 1 | M49: 1 | N49: 1 | O49: 1 | P49: 1 | Q49: 1 | R49: 1 | S49: 1 | T49: 1 | U49: 1 | V49: 1 | W49: 1 | X49: 1 | Y49: 1 | Z49: 1 | AA49: 1 | AB49: 0 | AC49: 0 | AE49: G 07 | AF49: PLTGU 3 | AG49: 548 | AH49: 248 | AI49: 248 | AJ49: 248 | AK49: 248 | AL49: 248 | AM49: 248 | AN49: 248 | AO49: 248 | AP49: 548 | AQ49: 810 | AR49: 561.13119 | AS49: 261.13119 | AT49: 510 | AU49: 810 | AV49: 572.14034 | AW49: 810 | AX49: 616.15684 | AY49: 367.8723 | AZ49: 248 | BA49: 248 | BB49: 248 | BC49: 0 | BD49: 0 | BF49: 8 | BG49: 651.3 | BI49: 18 | BJ49: 651.3 | BO49: G 07 | CP49: G 07
E50: G 08 | F50: 0 | G50: 0 | H50: 0 | I50: 0 | J50: 0 | K50: 0 | L50: 0 | M50: 0 | N50: 0 | O50: 0 | P50: 0 | Q50: 0 | R50: 0 | S50: 0 | T50: 0 | U50: 0 | V50: 0 | W50: 0 | X50: 0 | Y50: 0 | Z50: 0 | AA50: 0 | AB50: 0 | AC50: 0 | AE50: G 08 | AF50: PLTGU 4 | AG50: 0 | AH50: 0 | AI50: 0 | AJ50: 0 | AK50: 0 | AL50: 0 | AM50: 0 | AN50: 0 | AO50: 0 | AP50: 0 | AQ50: 0 | AR50: 0 | AS50: 0 | AT50: 0 | AU50: 0 | AV50: 0 | AW50: 0 | AX50: 0 | AY50: 0 | AZ50: 0 | BA50: 0 | BB50: 0 | BC50: 0 | BD50: 0 | BF50: 9 | BG50: 651.3 | BI50: 19 | BJ50: 651.3 | BO50: G 08 | CP50: G 08
E51: G 09 | F51: 1 | G51: 1 | H51: 1 | I51: 1 | J51: 1 | K51: 1 | L51: 1 | M51: 1 | N51: 1 | O51: 1 | P51: 1 | Q51: 1 | R51: 1 | S51: 1 | T51: 1 | U51: 1 | V51: 1 | W51: 1 | X51: 1 | Y51: 1 | Z51: 1 | AA51: 1 | AB51: 1 | AC51: 1 | AE51: G 09 | AF51: PLTU 3 | AG51: 660 | AH51: 780 | AI51: 735.20179 | AJ51: 855.20179 | AK51: 750 | AL51: 870 | AM51: 870 | AN51: 870 | AO51: 870 | AP51: 870 | AQ51: 870 | AR51: 870 | AS51: 870 | AT51: 870 | AU51: 870 | AV51: 870 | AW51: 870 | AX51: 870 | AY51: 870 | AZ51: 870 | BA51: 870 | BB51: 870 | BC51: 870 | BD51: 870 | BF51: 10 | BG51: 651.3 | BI51: 20 | BJ51: 651.3 | BO51: G 09 | CP51: G 09
E52: G 10 | F52: 1 | G52: 1 | H52: 1 | I52: 1 | J52: 1 | K52: 1 | L52: 1 | M52: 1 | N52: 1 | O52: 1 | P52: 1 | Q52: 1 | R52: 1 | S52: 1 | T52: 1 | U52: 1 | V52: 1 | W52: 1 | X52: 1 | Y52: 1 | Z52: 1 | AA52: 1 | AB52: 1 | AC52: 1 | AE52: G 10 | AF52: PLTU 4 | AG52: 720 | AH52: 840 | AI52: 720 | AJ52: 600 | AK52: 720 | AL52: 840 | AM52: 840 | AN52: 840 | AO52: 840 | AP52: 840 | AQ52: 840 | AR52: 840 | AS52: 840 | AT52: 840 | AU52: 840 | AV52: 840 | AW52: 840 | AX52: 840 | AY52: 840 | AZ52: 840 | BA52: 840 | BB52: 840 | BC52: 840 | BD52: 840 | BO52: G 10 | CP52: G 10
A55: #4
A56: consInit + consUC + consMUTMDT + consBasicRamp + consSRContingency
A58: Objective | E58: UC Status | AE58: Dispatch | BF58: System Inertia | BO58: Spinning Reserve | CP58: Primary Reserve
A59: Fuel Cost | B59: Quadratic | C59: 0 | E59: Gen | F59: Hour | AE59: Gen | AG59: Hour | BF59: Hour | BG59: Hsys | BI59: Hour | BJ59: Hsys | BL59: Hour | BM59: Hsys | BO59: Gen | BQ59: Hour | CP59: Gen | CR59: Hour
B60: Linear | C60: 3452429.4 | F60: 1 | G60: 2 | H60: 3 | I60: 4 | J60: 5 | K60: 6 | L60: 7 | M60: 8 | N60: 9 | O60: 10 | P60: 11 | Q60: 12 | R60: 13 | S60: 14 | T60: 15 | U60: 16 | V60: 17 | W60: 18 | X60: 19 | Y60: 20 | Z60: 21 | AA60: 22 | AB60: 23 | AC60: 24 | AG60: 1 | AH60: 2 | AI60: 3 | AJ60: 4 | AK60: 5 | AL60: 6 | AM60: 7 | AN60: 8 | AO60: 9 | AP60: 10 | AQ60: 11 | AR60: 12 | AS60: 13 | AT60: 14 | AU60: 15 | AV60: 16 | AW60: 17 | AX60: 18 | AY60: 19 | AZ60: 20 | BA60: 21 | BB60: 22 | BC60: 23 | BD60: 24 | BF60: 1 | BG60: 651.3 | BI60: 11 | BJ60: 790.44 | BL60: 21 | BM60: 790.44 | BQ60: 1 | BR60: 2 | BS60: 3 | BT60: 4 | BU60: 5 | BV60: 6 | BW60: 7 | BX60: 8 | BY60: 9 | BZ60: 10 | CA60: 11 | CB60: 12 | CC60: 13 | CD60: 14 | CE60: 15 | CF60: 16 | CG60: 17 | CH60: 18 | CI60: 19 | CJ60: 20 | CK60: 21 | CL60: 22 | CM60: 23 | CN60: 24 | CR60: 1 | CS60: 2 | CT60: 3 | CU60: 4 | CV60: 5 | CW60: 6 | CX60: 7 | CY60: 8 | CZ60: 9 | DA60: 10 | DB60: 11 | DC60: 12 | DD60: 13 | DE60: 14 | DF60: 15 | DG60: 16 | DH60: 17 | DI60: 18 | DJ60: 19 | DK60: 20 | DL60: 21 | DM60: 22 | DN60: 23 | DO60: 24
B61: No Load | C61: 514953.88 | E61: G 01 | F61: 1 | G61: 1 | H61: 1 | I61: 1 | J61: 1 | K61: 1 | L61: 1 | M61: 1 | N61: 1 | O61: 1 | P61: 1 | Q61: 1 | R61: 1 | S61: 1 | T61: 1 | U61: 1 | V61: 1 | W61: 1 | X61: 1 | Y61: 1 | Z61: 1 | AA61: 1 | AB61: 1 | AC61: 1 | AE61: G 01 | AF61: PLTU 1 | AG61: 1176 | AH61: 1176 | AI61: 1176 | AJ61: 1176 | AK61: 1176 | AL61: 1138.1377 | AM61: 1096.0604 | AN61: 1056 | AO61: 1176 | AP61: 1176 | AQ61: 1176 | AR61: 1176 | AS61: 1176 | AT61: 1176 | AU61: 1176 | AV61: 1176 | AW61: 1176 | AX61: 1176 | AY61: 1176 | AZ61: 1176 | BA61: 1176 | BB61: 1176 | BC61: 1176 | BD61: 1176 | BF61: 2 | BG61: 651.3 | BI61: 12 | BJ61: 790.44 | BL61: 22 | BM61: 790.44 | BO61: G 01 | BP61: PLTU 1 | BQ61: 0 | BR61: 0 | BS61: 0 | BT61: 0 | BU61: 0 | BV61: 37.862349 | BW61: 79.939589 | BX61: 120 | BY61: 0 | BZ61: 0 | CA61: 0 | CB61: 0 | CC61: 0 | CD61: 0 | CE61: 0 | CF61: 0 | CG61: 0 | CH61: 0 | CI61: 0 | CJ61: 0 | CK61: 0 | CL61: 0 | CM61: 0 | CN61: 0 | CP61: G 01
B62: Piecewise | C62: 0 | E62: G 02 | F62: 0 | G62: 0 | H62: 0 | I62: 0 | J62: 0 | K62: 0 | L62: 0 | M62: 0 | N62: 0 | O62: 0 | P62: 0 | Q62: 0 | R62: 0 | S62: 0 | T62: 0 | U62: 0 | V62: 0 | W62: 0 | X62: 0 | Y62: 0 | Z62: 0 | AA62: 0 | AB62: 0 | AC62: 0 | AE62: G 02 | AF62: PLTGU 1 | AG62: 0 | AH62: 0 | AI62: 0 | AJ62: 0 | AK62: 0 | AL62: 0 | AM62: 0 | AN62: 0 | AO62: 0 | AP62: 0 | AQ62: 0 | AR62: 0 | AS62: 0 | AT62: 0 | AU62: 0 | AV62: 0 | AW62: 0 | AX62: 0 | AY62: 0 | AZ62: 0 | BA62: 0 | BB62: 0 | BC62: 0 | BD62: 0 | BF62: 3 | BG62: 651.3 | BI62: 13 | BJ62: 790.44 | BL62: 23 | BM62: 790.44 | BO62: G 02 | BP62: PLTGU 1 | BQ62: 0 | BR62: 0 | BS62: 0 | BT62: 0 | BU62: 0 | BV62: 0 | BW62: 0 | BX62: 0 | BY62: 0 | BZ62: 0 | CA62: 0 | CB62: 0 | CC62: 0 | CD62: 0 | CE62: 0 | CF62: 0 | CG62: 0 | CH62: 0 | CI62: 0 | CJ62: 0 | CK62: 0 | CL62: 0 | CM62: 0 | CN62: 0 | CP62: G 02
A63: Startup Cost | C63: 61840 | E63: G 03 | F63: 1 | G63: 1 | H63: 1 | I63: 1 | J63: 1 | K63: 1 | L63: 1 | M63: 1 | N63: 1 | O63: 1 | P63: 1 | Q63: 1 | R63: 1 | S63: 1 | T63: 1 | U63: 1 | V63: 1 | W63: 1 | X63: 1 | Y63: 1 | Z63: 1 | AA63: 1 | AB63: 1 | AC63: 1 | AE63: G 03 | AF63: PLTU 2 | AG63: 720 | AH63: 840 | AI63: 915.20179 | AJ63: 849 | AK63: 849 | AL63: 969 | AM63: 969 | AN63: 960.69194 | AO63: 969 | AP63: 969 | AQ63: 969 | AR63: 969 | AS63: 969 | AT63: 969 | AU63: 969 | AV63: 969 | AW63: 969 | AX63: 969 | AY63: 969 | AZ63: 969 | BA63: 969 | BB63: 969 | BC63: 969 | BD63: 969 | BF63: 4 | BG63: 651.3 | BI63: 14 | BJ63: 790.44 | BL63: 24 | BM63: 651.3 | BO63: G 03 | BP63: PLTU 2 | BQ63: 249 | BR63: 129 | BS63: 53.798214 | BT63: 120 | BU63: 120 | BV63: 0 | BW63: 0 | BX63: 8.3080626 | BY63: 0 | BZ63: 0 | CA63: 0 | CB63: 0 | CC63: 0 | CD63: 0 | CE63: 0 | CF63: 0 | CG63: 0 | CH63: 0 | CI63: 0 | CJ63: 0 | CK63: 0 | CL63: 0 | CM63: 0 | CN63: 0 | CP63: G 03
A64: Shutdown Cost | C64: 0 | E64: G 04 | F64: 0 | G64: 0 | H64: 0 | I64: 0 | J64: 0 | K64: 0 | L64: 0 | M64: 0 | N64: 0 | O64: 0 | P64: 0 | Q64: 0 | R64: 0 | S64: 0 | T64: 0 | U64: 0 | V64: 0 | W64: 0 | X64: 0 | Y64: 0 | Z64: 0 | AA64: 0 | AB64: 0 | AC64: 0 | AE64: G 04 | AF64: PLTG 1 | AG64: 0 | AH64: 0 | AI64: 0 | AJ64: 0 | AK64: 0 | AL64: 0 | AM64: 0 | AN64: 0 | AO64: 0 | AP64: 0 | AQ64: 0 | AR64: 0 | AS64: 0 | AT64: 0 | AU64: 0 | AV64: 0 | AW64: 0 | AX64: 0 | AY64: 0 | AZ64: 0 | BA64: 0 | BB64: 0 | BC64: 0 | BD64: 0 | BF64: 5 | BG64: 651.3 | BI64: 15 | BJ64: 790.44 | BO64: G 04 | BP64: PLTG 1 | BQ64: 0 | BR64: 0 | BS64: 0 | BT64: 0 | BU64: 0 | BV64: 0 | BW64: 0 | BX64: 0 | BY64: 0 | BZ64: 0 | CA64: 0 | CB64: 0 | CC64: 0 | CD64: 0 | CE64: 0 | CF64: 0 | CG64: 0 | CH64: 0 | CI64: 0 | CJ64: 0 | CK64: 0 | CL64: 0 | CM64: 0 | CN64: 0 | CP64: G 04
A65: Total Cost | C65: =SUM(C59:C64) -> 4029223.2 | E65: G 05 | F65: 0 | G65: 0 | H65: 0 | I65: 0 | J65: 0 | K65: 0 | L65: 0 | M65: 0 | N65: 0 | O65: 0 | P65: 0 | Q65: 0 | R65: 0 | S65: 0 | T65: 0 | U65: 0 | V65: 0 | W65: 0 | X65: 0 | Y65: 0 | Z65: 0 | AA65: 0 | AB65: 0 | AC65: 0 | AE65: G 05 | AF65: PLTG 2 | AG65: 0 | AH65: 0 | AI65: 0 | AJ65: 0 | AK65: 0 | AL65: 0 | AM65: 0 | AN65: 0 | AO65: 0 | AP65: 0 | AQ65: 0 | AR65: 0 | AS65: 0 | AT65: 0 | AU65: 0 | AV65: 0 | AW65: 0 | AX65: 0 | AY65: 0 | AZ65: 0 | BA65: 0 | BB65: 0 | BC65: 0 | BD65: 0 | BF65: 6 | BG65: 651.3 | BI65: 16 | BJ65: 790.44 | BO65: G 05 | BP65: PLTG 2 | BQ65: 0 | BR65: 0 | BS65: 0 | BT65: 0 | BU65: 0 | BV65: 0 | BW65: 0 | BX65: 0 | BY65: 0 | BZ65: 0 | CA65: 0 | CB65: 0 | CC65: 0 | CD65: 0 | CE65: 0 | CF65: 0 | CG65: 0 | CH65: 0 | CI65: 0 | CJ65: 0 | CK65: 0 | CL65: 0 | CM65: 0 | CN65: 0 | CP65: G 05
E66: G 06 | F66: 1 | G66: 1 | H66: 1 | I66: 1 | J66: 1 | K66: 1 | L66: 1 | M66: 1 | N66: 1 | O66: 1 | P66: 1 | Q66: 1 | R66: 1 | S66: 1 | T66: 1 | U66: 1 | V66: 1 | W66: 1 | X66: 1 | Y66: 1 | Z66: 1 | AA66: 1 | AB66: 1 | AC66: 1 | AE66: G 06 | AF66: PLTGU 2 | AG66: 401.67683 | AH66: 289.16845 | AI66: 250 | AJ66: 250 | AK66: 250 | AL66: 250 | AM66: 250 | AN66: 250 | AO66: 428.45406 | AP66: 396.22191 | AQ66: 530.13456 | AR66: 581.26575 | AS66: 281.26575 | AT66: 356.57701 | AU66: 656.57701 | AV66: 611.73914 | AW66: 549.5988 | AX66: 449.70684 | AY66: 381.55 | AZ66: 681.55 | BA66: 629.83455 | BB66: 523.44894 | BC66: 252.66896 | BD66: 393.2565 | BF66: 7 | BG66: 651.3 | BI66: 17 | BJ66: 790.44 | BO66: G 06 | BP66: PLTGU 2 | BQ66: 693.32317 | BR66: 805.83155 | BS66: 845 | BT66: 845 | BU66: 845 | BV66: 845 | BW66: 845 | BX66: 845 | BY66: 666.54594 | BZ66: 698.77809 | CA66: 564.86544 | CB66: 513.73425 | CC66: 813.73425 | CD66: 738.42299 | CE66: 438.42299 | CF66: 483.26086 | CG66: 545.4012 | CH66: 645.29316 | CI66: 713.45 | CJ66: 413.45 | CK66: 465.16545 | CL66: 571.55106 | CM66: 842.33104 | CN66: 701.7435 | CP66: G 06
E67: G 07 | F67: 1 | G67: 1 | H67: 1 | I67: 1 | J67: 1 | K67: 1 | L67: 1 | M67: 1 | N67: 1 | O67: 1 | P67: 1 | Q67: 1 | R67: 1 | S67: 1 | T67: 1 | U67: 1 | V67: 1 | W67: 1 | X67: 1 | Y67: 1 | Z67: 1 | AA67: 1 | AB67: 1 | AC67: 1 | AE67: G 07 | AF67: PLTGU 3 | AG67: 548 | AH67: 248 | AI67: 248 | AJ67: 248 | AK67: 248 | AL67: 248 | AM67: 248 | AN67: 248 | AO67: 248 | AP67: 248 | AQ67: 248 | AR67: 248 | AS67: 248 | AT67: 396.38424 | AU67: 248 | AV67: 248 | AW67: 248 | AX67: 248 | AY67: 248 | AZ67: 248 | BA67: 248 | BB67: 248 | BC67: 248 | BD67: 248 | BF67: 8 | BG67: 651.3 | BI67: 18 | BJ67: 790.44 | BO67: G 07 | BP67: PLTGU 3 | BQ67: 262 | BR67: 562 | BS67: 562 | BT67: 562 | BU67: 562 | BV67: 562 | BW67: 562 | BX67: 562 | BY67: 562 | BZ67: 562 | CA67: 562 | CB67: 562 | CC67: 562 | CD67: 413.61576 | CE67: 562 | CF67: 562 | CG67: 562 | CH67: 562 | CI67: 562 | CJ67: 562 | CK67: 562 | CL67: 562 | CM67: 562 | CN67: 562 | CP67: G 07
E68: G 08 | F68: 0 | G68: 0 | H68: 0 | I68: 0 | J68: 0 | K68: 0 | L68: 0 | M68: 0 | N68: 0 | O68: 1 | P68: 1 | Q68: 1 | R68: 1 | S68: 1 | T68: 1 | U68: 1 | V68: 1 | W68: 1 | X68: 1 | Y68: 1 | Z68: 1 | AA68: 1 | AB68: 1 | AC68: 0 | AE68: G 08 | AF68: PLTGU 4 | AG68: 0 | AH68: 0 | AI68: 0 | AJ68: 0 | AK68: 0 | AL68: 0 | AM68: 0 | AN68: 0 | AO68: 0 | AP68: 347.85 | AQ68: 347.85 | AR68: 347.85 | AS68: 397.31884 | AT68: 347.85 | AU68: 347.85 | AV68: 347.85 | AW68: 347.85 | AX68: 347.85 | AY68: 467.7223 | AZ68: 347.85 | BA68: 347.85 | BB68: 347.85 | BC68: 347.85 | BD68: 0 | BF68: 9 | BG68: 651.3 | BI68: 19 | BJ68: 790.44 | BO68: G 08 | BP68: PLTGU 4 | BQ68: 0 | BR68: 0 | BS68: 0 | BT68: 0 | BU68: 0 | BV68: 0 | BW68: 0 | BX68: 0 | BY68: 0 | BZ68: 425.15 | CA68: 425.15 | CB68: 425.15 | CC68: 375.68116 | CD68: 425.15 | CE68: 425.15 | CF68: 425.15 | CG68: 425.15 | CH68: 425.15 | CI68: 305.2777 | CJ68: 425.15 | CK68: 425.15 | CL68: 425.15 | CM68: 425.15 | CN68: 0 | CP68: G 08
E69: G 09 | F69: 1 | G69: 1 | H69: 1 | I69: 1 | J69: 1 | K69: 1 | L69: 1 | M69: 1 | N69: 1 | O69: 1 | P69: 1 | Q69: 1 | R69: 1 | S69: 1 | T69: 1 | U69: 1 | V69: 1 | W69: 1 | X69: 1 | Y69: 1 | Z69: 1 | AA69: 1 | AB69: 1 | AC69: 1 | AE69: G 09 | AF69: PLTU 3 | AG69: 660 | AH69: 780 | AI69: 660 | AJ69: 750 | AK69: 870 | AL69: 870 | AM69: 870 | AN69: 870 | AO69: 870 | AP69: 870 | AQ69: 870 | AR69: 870 | AS69: 870 | AT69: 870 | AU69: 870 | AV69: 870 | AW69: 870 | AX69: 870 | AY69: 870 | AZ69: 870 | BA69: 870 | BB69: 870 | BC69: 870 | BD69: 870 | BF69: 10 | BG69: 790.44 | BI69: 20 | BJ69: 790.44 | BO69: G 09 | BP69: PLTU 3 | BQ69: 210 | BR69: 90 | BS69: 210 | BT69: 120 | BU69: 0 | BV69: 0 | BW69: 0 | BX69: 0 | BY69: 0 | BZ69: 0 | CA69: 0 | CB69: 0 | CC69: 0 | CD69: 0 | CE69: 0 | CF69: 0 | CG69: 0 | CH69: 0 | CI69: 0 | CJ69: 0 | CK69: 0 | CL69: 0 | CM69: 0 | CN69: 0 | CP69: G 09
E70: G 10 | F70: 1 | G70: 1 | H70: 1 | I70: 1 | J70: 1 | K70: 1 | L70: 1 | M70: 1 | N70: 1 | O70: 1 | P70: 1 | Q70: 1 | R70: 1 | S70: 1 | T70: 1 | U70: 1 | V70: 1 | W70: 1 | X70: 1 | Y70: 1 | Z70: 1 | AA70: 1 | AB70: 1 | AC70: 1 | AE70: G 10 | AF70: PLTU 4 | AG70: 720 | AH70: 840 | AI70: 840 | AJ70: 736.38337 | AK70: 616.38337 | AL70: 736.38337 | AM70: 840 | AN70: 840 | AO70: 840 | AP70: 840 | AQ70: 840 | AR70: 840 | AS70: 840 | AT70: 840 | AU70: 840 | AV70: 840 | AW70: 840 | AX70: 840 | AY70: 840 | AZ70: 840 | BA70: 840 | BB70: 840 | BC70: 840 | BD70: 840 | BO70: G 10 | BP70: PLTU 4 | BQ70: 120 | BR70: 0 | BS70: 0 | BT70: 103.61663 | BU70: 223.61663 | BV70: 103.61663 | BW70: 0 | BX70: 0 | BY70: 0 | BZ70: 0 | CA70: 0 | CB70: 0 | CC70: 0 | CD70: 0 | CE70: 0 | CF70: 0 | CG70: 0 | CH70: 0 | CI70: 0 | CJ70: 0 | CK70: 0 | CL70: 0 | CM70: 0 | CN70: 0 | CP70: G 10
A73: #5
A74: consInit + consUC + consMUTMDT + consBasicRamp + consSRContingency + consWorstCaseInertia
A76: Objective | E76: UC Status | AE76: Dispatch | BF76: System Inertia | BO76: Spinning Reserve | CP76: Primary Reserve
A77: Fuel Cost | B77: Quadratic | C77: 0 | E77: Gen | F77: Hour | AE77: Gen | AG77: Hour | BF77: Hour | BG77: Hsys | BI77: Hour | BJ77: Hsys | BL77: Hour | BM77: Hsys | BO77: Gen | BQ77: Hour | CP77: Gen | CR77: Hour
B78: Linear | C78: 3965848.2 | F78: 1 | G78: 2 | H78: 3 | I78: 4 | J78: 5 | K78: 6 | L78: 7 | M78: 8 | N78: 9 | O78: 10 | P78: 11 | Q78: 12 | R78: 13 | S78: 14 | T78: 15 | U78: 16 | V78: 17 | W78: 18 | X78: 19 | Y78: 20 | Z78: 21 | AA78: 22 | AB78: 23 | AC78: 24 | AG78: 1 | AH78: 2 | AI78: 3 | AJ78: 4 | AK78: 5 | AL78: 6 | AM78: 7 | AN78: 8 | AO78: 9 | AP78: 10 | AQ78: 11 | AR78: 12 | AS78: 13 | AT78: 14 | AU78: 15 | AV78: 16 | AW78: 17 | AX78: 18 | AY78: 19 | AZ78: 20 | BA78: 21 | BB78: 22 | BC78: 23 | BD78: 24 | BF78: 1 | BG78: 992.94 | BI78: 11 | BJ78: 853.8 | BL78: 21 | BM78: 853.8 | BQ78: 1 | BR78: 2 | BS78: 3 | BT78: 4 | BU78: 5 | BV78: 6 | BW78: 7 | BX78: 8 | BY78: 9 | BZ78: 10 | CA78: 11 | CB78: 12 | CC78: 13 | CD78: 14 | CE78: 15 | CF78: 16 | CG78: 17 | CH78: 18 | CI78: 19 | CJ78: 20 | CK78: 21 | CL78: 22 | CM78: 23 | CN78: 24 | CR78: 1 | CS78: 2 | CT78: 3 | CU78: 4 | CV78: 5 | CW78: 6 | CX78: 7 | CY78: 8 | CZ78: 9 | DA78: 10 | DB78: 11 | DC78: 12 | DD78: 13 | DE78: 14 | DF78: 15 | DG78: 16 | DH78: 17 | DI78: 18 | DJ78: 19 | DK78: 20 | DL78: 21 | DM78: 22 | DN78: 23 | DO78: 24
B79: No Load | C79: 550301.39 | E79: G 01 | F79: 1 | G79: 1 | H79: 1 | I79: 1 | J79: 1 | K79: 1 | L79: 1 | M79: 1 | N79: 1 | O79: 1 | P79: 1 | Q79: 1 | R79: 1 | S79: 1 | T79: 1 | U79: 1 | V79: 1 | W79: 1 | X79: 1 | Y79: 1 | Z79: 1 | AA79: 1 | AB79: 1 | AC79: 1 | AE79: G 01 | AF79: PLTU 1 | AG79: 1056 | AH79: 936 | AI79: 816 | AJ79: 773.74135 | AK79: 893.74135 | AL79: 773.74135 | AM79: 703.29224 | AN79: 693.67988 | AO79: 703.29224 | AP79: 703.29224 | AQ79: 791.85264 | AR79: 671.85264 | AS79: 750.78446 | AT79: 671.85264 | AU79: 703.29224 | AV79: 703.29224 | AW79: 823.05152 | AX79: 703.05152 | AY79: 734.05612 | AZ79: 817.29338 | BA79: 697.29338 | BB79: 687.9933 | BC79: 741.21589 | BD79: 697.95641 | BF79: 2 | BG79: 853.8 | BI79: 12 | BJ79: 853.8 | BL79: 22 | BM79: 853.8 | BO79: G 01 | BP79: PLTU 1 | BQ79: 120 | BR79: 240 | BS79: 360 | BT79: 402.25865 | BU79: 282.25865 | BV79: 402.25865 | BW79: 472.70776 | BX79: 482.32012 | BY79: 472.70776 | BZ79: 472.70776 | CA79: 384.14736 | CB79: 504.14736 | CC79: 425.21554 | CD79: 504.14736 | CE79: 472.70776 | CF79: 472.70776 | CG79: 352.94848 | CH79: 472.94848 | CI79: 441.94388 | CJ79: 358.70662 | CK79: 478.70662 | CL79: 488.0067 | CM79: 434.78411 | CN79: 478.04359 | CP79: G 01 | CQ79: PLTU 1 | CR79: 120 | CS79: 33 | CT79: 153 | CU79: 195.25865 | CV79: 75.258647 | CW79: 195.25865 | CX79: 265.70776 | CY79: 275.32012 | CZ79: 265.70776 | DA79: 265.70776 | DB79: 177.14736 | DC79: 297.14736 | DD79: 218.21554 | DE79: 297.14736 | DF79: 335.4138 | DG79: 327.78253 | DH79: 176.95308 | DI79: 265.94848 | DJ79: 234.94388 | DK79: 151.70662 | DL79: 335.4138 | DM79: 335.4138 | DN79: 271.04359 | DO79: 271.04359
B80: Piecewise | C80: 0 | E80: G 02 | F80: 1 | G80: 1 | H80: 1 | I80: 1 | J80: 1 | K80: 1 | L80: 1 | M80: 1 | N80: 1 | O80: 1 | P80: 1 | Q80: 1 | R80: 1 | S80: 1 | T80: 1 | U80: 1 | V80: 1 | W80: 1 | X80: 1 | Y80: 1 | Z80: 1 | AA80: 1 | AB80: 1 | AC80: 1 | AE80: G 02 | AF80: PLTGU 1 | AG80: 340 | AH80: 452.75721 | AI80: 340 | AJ80: 340 | AK80: 590.15931 | AL80: 340 | AM80: 486.77594 | AN80: 438.40747 | AO80: 738.40747 | AP80: 795.83579 | AQ80: 887.20348 | AR80: 887.20348 | AS80: 887.20348 | AT80: 887.20348 | AU80: 956.90952 | AV80: 949.27825 | AW80: 918.20808 | AX80: 887.20348 | AY80: 887.20348 | AZ80: 766.33329 | BA80: 950.91066 | BB80: 941.61058 | BC80: 946.16076 | BD80: 902.90128 | BF80: 3 | BG80: 853.8 | BI80: 13 | BJ80: 853.8 | BL80: 23 | BM80: 708 | BO80: G 02 | BP80: PLTGU 1 | BQ80: 785 | BR80: 672.24279 | BS80: 785 | BT80: 785 | BU80: 534.84069 | BV80: 785 | BW80: 638.22406 | BX80: 686.59253 | BY80: 386.59253 | BZ80: 329.16421 | CA80: 237.79652 | CB80: 237.79652 | CC80: 237.79652 | CD80: 237.79652 | CE80: 168.09048 | CF80: 175.72175 | CG80: 206.79192 | CH80: 237.79652 | CI80: 237.79652 | CJ80: 358.66671 | CK80: 174.08934 | CL80: 183.38942 | CM80: 178.83924 | CN80: 222.09872 | CP80: G 02 | CQ80: PLTGU 1 | CR80: 96.77726 | CS80: 81.79652 | CT80: 81.79652 | CU80: 81.79652 | CV80: 81.79652 | CW80: 81.79652 | CX80: 81.79652 | CY80: 81.79652 | CZ80: 81.79652 | DA80: 81.79652 | DB80: 81.79652 | DC80: 81.79652 | DD80: 81.79652 | DE80: 81.79652 | DF80: 81.79652 | DG80: 81.79652 | DH80: 81.79652 | DI80: 81.79652 | DJ80: 81.79652 | DK80: 81.79652 | DL80: 81.79652 | DM80: 81.79652 | DN80: 66.09872 | DO80: 66.09872
A81: Startup Cost | C81: 0 | E81: G 03 | F81: 1 | G81: 1 | H81: 1 | I81: 1 | J81: 1 | K81: 1 | L81: 1 | M81: 1 | N81: 1 | O81: 1 | P81: 1 | Q81: 1 | R81: 1 | S81: 1 | T81: 1 | U81: 1 | V81: 1 | W81: 1 | X81: 1 | Y81: 1 | Z81: 1 | AA81: 1 | AB81: 1 | AC81: 1 | AE81: G 03 | AF81: PLTU 2 | AG81: 720 | AH81: 747.93182 | AI81: 778.98127 | AJ81: 747.93182 | AK81: 747.93182 | AL81: 773.74135 | AM81: 747.93182 | AN81: 757.54418 | AO81: 747.93182 | AP81: 747.93182 | AQ81: 747.93182 | AR81: 747.93182 | AS81: 867.93182 | AT81: 747.93182 | AU81: 747.93182 | AV81: 747.93182 | AW81: 748.17254 | AX81: 747.93182 | AY81: 747.93182 | AZ81: 747.93182 | BA81: 747.93182 | BB81: 747.93182 | BC81: 790.35763 | BD81: 790.35763 | BF81: 4 | BG81: 853.8 | BI81: 14 | BJ81: 853.8 | BL81: 24 | BM81: 708 | BO81: G 03 | BP81: PLTU 2 | BQ81: 249 | BR81: 221.06818 | BS81: 190.01873 | BT81: 221.06818 | BU81: 221.06818 | BV81: 195.25865 | BW81: 221.06818 | BX81: 211.45582 | BY81: 221.06818 | BZ81: 221.06818 | CA81: 221.06818 | CB81: 221.06818 | CC81: 101.06818 | CD81: 221.06818 | CE81: 221.06818 | CF81: 221.06818 | CG81: 220.82746 | CH81: 221.06818 | CI81: 221.06818 | CJ81: 221.06818 | CK81: 221.06818 | CL81: 221.06818 | CM81: 178.64237 | CN81: 178.64237 | CP81: G 03 | CQ81: PLTU 2 | CR81: 249 | CS81: 221.06818 | CT81: 190.01873 | CU81: 221.06818 | CV81: 221.06818 | CW81: 195.25865 | CX81: 221.06818 | CY81: 211.45582 | CZ81: 221.06818 | DA81: 221.06818 | DB81: 221.06818 | DC81: 221.06818 | DD81: 101.06818 | DE81: 221.06818 | DF81: 221.06818 | DG81: 221.06818 | DH81: 220.82746 | DI81: 221.06818 | DJ81: 221.06818 | DK81: 221.06818 | DL81: 221.06818 | DM81: 221.06818 | DN81: 178.64237 | DO81: 178.64237
A82: Shutdown Cost | C82: 0 | E82: G 04 | F82: 0 | G82: 0 | H82: 0 | I82: 0 | J82: 0 | K82: 0 | L82: 0 | M82: 0 | N82: 0 | O82: 0 | P82: 0 | Q82: 0 | R82: 0 | S82: 0 | T82: 0 | U82: 0 | V82: 0 | W82: 0 | X82: 0 | Y82: 0 | Z82: 0 | AA82: 0 | AB82: 0 | AC82: 0 | AE82: G 04 | AF82: PLTG 1 | AG82: 0 | AH82: 0 | AI82: 0 | AJ82: 0 | AK82: 0 | AL82: 0 | AM82: 0 | AN82: 0 | AO82: 0 | AP82: 0 | AQ82: 0 | AR82: 0 | AS82: 0 | AT82: 0 | AU82: 0 | AV82: 0 | AW82: 0 | AX82: 0 | AY82: 0 | AZ82: 0 | BA82: 0 | BB82: 0 | BC82: 0 | BD82: 0 | BF82: 5 | BG82: 853.8 | BI82: 15 | BJ82: 853.8 | BO82: G 04 | BP82: PLTG 1 | BQ82: 0 | BR82: 0 | BS82: 0 | BT82: 0 | BU82: 0 | BV82: 0 | BW82: 0 | BX82: 0 | BY82: 0 | BZ82: 0 | CA82: 0 | CB82: 0 | CC82: 0 | CD82: 0 | CE82: 0 | CF82: 0 | CG82: 0 | CH82: 0 | CI82: 0 | CJ82: 0 | CK82: 0 | CL82: 0 | CM82: 0 | CN82: 0 | CP82: G 04 | CQ82: PLTG 1 | CR82: 0 | CS82: 0 | CT82: 0 | CU82: 0 | CV82: 0 | CW82: 0 | CX82: 0 | CY82: 0 | CZ82: 0 | DA82: 0 | DB82: 0 | DC82: 0 | DD82: 0 | DE82: 0 | DF82: 0 | DG82: 0 | DH82: 0 | DI82: 0 | DJ82: 0 | DK82: 0 | DL82: 0 | DM82: 0 | DN82: 0 | DO82: 0
A83: Total Cost | C83: =SUM(C77:C82) -> 4516149.6 | E83: G 05 | F83: 0 | G83: 0 | H83: 0 | I83: 0 | J83: 0 | K83: 0 | L83: 0 | M83: 0 | N83: 0 | O83: 0 | P83: 0 | Q83: 0 | R83: 0 | S83: 0 | T83: 0 | U83: 0 | V83: 0 | W83: 0 | X83: 0 | Y83: 0 | Z83: 0 | AA83: 0 | AB83: 0 | AC83: 0 | AE83: G 05 | AF83: PLTG 2 | AG83: 0 | AH83: 0 | AI83: 0 | AJ83: 0 | AK83: 0 | AL83: 0 | AM83: 0 | AN83: 0 | AO83: 0 | AP83: 0 | AQ83: 0 | AR83: 0 | AS83: 0 | AT83: 0 | AU83: 0 | AV83: 0 | AW83: 0 | AX83: 0 | AY83: 0 | AZ83: 0 | BA83: 0 | BB83: 0 | BC83: 0 | BD83: 0 | BF83: 6 | BG83: 853.8 | BI83: 16 | BJ83: 853.8 | BO83: G 05 | BP83: PLTG 2 | BQ83: 0 | BR83: 0 | BS83: 0 | BT83: 0 | BU83: 0 | BV83: 0 | BW83: 0 | BX83: 0 | BY83: 0 | BZ83: 0 | CA83: 0 | CB83: 0 | CC83: 0 | CD83: 0 | CE83: 0 | CF83: 0 | CG83: 0 | CH83: 0 | CI83: 0 | CJ83: 0 | CK83: 0 | CL83: 0 | CM83: 0 | CN83: 0 | CP83: G 05 | CQ83: PLTG 2 | CR83: 0 | CS83: 0 | CT83: 0 | CU83: 0 | CV83: 0 | CW83: 0 | CX83: 0 | CY83: 0 | CZ83: 0 | DA83: 0 | DB83: 0 | DC83: 0 | DD83: 0 | DE83: 0 | DF83: 0 | DG83: 0 | DH83: 0 | DI83: 0 | DJ83: 0 | DK83: 0 | DL83: 0 | DM83: 0 | DN83: 0 | DO83: 0
E84: G 06 | F84: 1 | G84: 1 | H84: 1 | I84: 1 | J84: 1 | K84: 1 | L84: 1 | M84: 1 | N84: 1 | O84: 1 | P84: 1 | Q84: 1 | R84: 1 | S84: 1 | T84: 1 | U84: 1 | V84: 1 | W84: 1 | X84: 1 | Y84: 1 | Z84: 1 | AA84: 1 | AB84: 1 | AC84: 1 | AE84: G 06 | AF84: PLTGU 2 | AG84: 250 | AH84: 251.18718 | AI84: 550 | AJ84: 250 | AK84: 250 | AL84: 402.29696 | AM84: 582.01206 | AN84: 282.01206 | AO84: 582.01206 | AP84: 882.01206 | AQ84: 882.01206 | AR84: 882.01206 | AS84: 582.01206 | AT84: 882.01206 | AU84: 951.7181 | AV84: 944.08683 | AW84: 913.01666 | AX84: 613.01666 | AY84: 582.01206 | AZ84: 882.01206 | BA84: 945.71924 | BB84: 811.46431 | BC84: 941.96564 | BD84: 777.96266 | BF84: 7 | BG84: 853.8 | BI84: 17 | BJ84: 853.8 | BO84: G 06 | BP84: PLTGU 2 | BQ84: 845 | BR84: 843.81282 | BS84: 545 | BT84: 845 | BU84: 845 | BV84: 692.70304 | BW84: 512.98794 | BX84: 812.98794 | BY84: 512.98794 | BZ84: 212.98794 | CA84: 212.98794 | CB84: 212.98794 | CC84: 512.98794 | CD84: 212.98794 | CE84: 143.2819 | CF84: 150.91317 | CG84: 181.98334 | CH84: 481.98334 | CI84: 512.98794 | CJ84: 212.98794 | CK84: 149.28076 | CL84: 283.53569 | CM84: 153.03436 | CN84: 317.03734 | CP84: G 06 | CQ84: PLTGU 2 | CR84: 102.91947 | CS84: 86.98794 | CT84: 86.98794 | CU84: 86.98794 | CV84: 86.98794 | CW84: 86.98794 | CX84: 86.98794 | CY84: 86.98794 | CZ84: 86.98794 | DA84: 86.98794 | DB84: 86.98794 | DC84: 86.98794 | DD84: 86.98794 | DE84: 86.98794 | DF84: 86.98794 | DG84: 86.98794 | DH84: 86.98794 | DI84: 86.98794 | DJ84: 86.98794 | DK84: 86.98794 | DL84: 86.98794 | DM84: 86.98794 | DN84: 70.29384 | DO84: 70.29384
E85: G 07 | F85: 1 | G85: 1 | H85: 1 | I85: 1 | J85: 1 | K85: 1 | L85: 1 | M85: 1 | N85: 1 | O85: 1 | P85: 1 | Q85: 1 | R85: 1 | S85: 1 | T85: 1 | U85: 1 | V85: 1 | W85: 1 | X85: 1 | Y85: 1 | Z85: 1 | AA85: 1 | AB85: 0 | AC85: 0 | AE85: G 07 | AF85: PLTGU 3 | AG85: 248 | AH85: 548 | AI85: 277.97773 | AJ85: 498.15931 | AK85: 248 | AL85: 548 | AM85: 283.04835 | AN85: 583.04835 | AO85: 289.81047 | AP85: 248 | AQ85: 290.54496 | AR85: 341.67615 | AS85: 391.14499 | AT85: 265.37165 | AU85: 277.57533 | AV85: 248 | AW85: 248 | AX85: 479.11264 | AY85: 561.8327 | AZ85: 562.83059 | BA85: 262.83059 | BB85: 300 | BC85: 0 | BD85: 0 | BF85: 8 | BG85: 853.8 | BI85: 18 | BJ85: 853.8 | BO85: G 07 | BP85: PLTGU 3 | BQ85: 562 | BR85: 262 | BS85: 532.02227 | BT85: 311.84069 | BU85: 562 | BV85: 262 | BW85: 526.95165 | BX85: 226.95165 | BY85: 520.18953 | BZ85: 562 | CA85: 519.45504 | CB85: 468.32385 | CC85: 418.85501 | CD85: 544.62835 | CE85: 532.42467 | CF85: 562 | CG85: 562 | CH85: 330.88736 | CI85: 248.1673 | CJ85: 247.16941 | CK85: 547.16941 | CL85: 510 | CM85: 0 | CN85: 0 | CP85: G 07 | CQ85: PLTGU 3 | CR85: 76.637265 | CS85: 73.4396 | CT85: 73.4396 | CU85: 73.4396 | CV85: 73.4396 | CW85: 73.4396 | CX85: 73.4396 | CY85: 73.4396 | CZ85: 73.4396 | DA85: 73.4396 | DB85: 73.4396 | DC85: 73.4396 | DD85: 73.4396 | DE85: 73.4396 | DF85: 73.4396 | DG85: 73.4396 | DH85: 73.4396 | DI85: 73.4396 | DJ85: 73.4396 | DK85: 73.4396 | DL85: 73.4396 | DM85: 73.4396 | DN85: 0 | DO85: 0
E86: G 08 | F86: 1 | G86: 0 | H86: 0 | I86: 0 | J86: 0 | K86: 0 | L86: 0 | M86: 0 | N86: 0 | O86: 0 | P86: 0 | Q86: 0 | R86: 0 | S86: 0 | T86: 0 | U86: 0 | V86: 0 | W86: 0 | X86: 0 | Y86: 0 | Z86: 0 | AA86: 0 | AB86: 0 | AC86: 0 | AE86: G 08 | AF86: PLTGU 4 | AG86: 347.85 | AH86: 0 | AI86: 0 | AJ86: 0 | AK86: 0 | AL86: 0 | AM86: 0 | AN86: 0 | AO86: 0 | AP86: 0 | AQ86: 0 | AR86: 0 | AS86: 0 | AT86: 0 | AU86: 0 | AV86: 0 | AW86: 0 | AX86: 0 | AY86: 0 | AZ86: 0 | BA86: 0 | BB86: 0 | BC86: 0 | BD86: 0 | BF86: 9 | BG86: 853.8 | BI86: 19 | BJ86: 853.8 | BO86: G 08 | BP86: PLTGU 4 | BQ86: 425.15 | BR86: 0 | BS86: 0 | BT86: 0 | BU86: 0 | BV86: 0 | BW86: 0 | BX86: 0 | BY86: 0 | BZ86: 0 | CA86: 0 | CB86: 0 | CC86: 0 | CD86: 0 | CE86: 0 | CF86: 0 | CG86: 0 | CH86: 0 | CI86: 0 | CJ86: 0 | CK86: 0 | CL86: 0 | CM86: 0 | CN86: 0 | CP86: G 08 | CQ86: PLTGU 4 | CR86: 84.49284 | CS86: 0 | CT86: 0 | CU86: 0 | CV86: 0 | CW86: 0 | CX86: 0 | CY86: 0 | CZ86: 0 | DA86: 0 | DB86: 0 | DC86: 0 | DD86: 0 | DE86: 0 | DF86: 0 | DG86: 0 | DH86: 0 | DI86: 0 | DJ86: 0 | DK86: 0 | DL86: 0 | DM86: 0 | DN86: 0 | DO86: 0
E87: G 09 | F87: 1 | G87: 1 | H87: 1 | I87: 1 | J87: 1 | K87: 1 | L87: 1 | M87: 1 | N87: 1 | O87: 1 | P87: 1 | Q87: 1 | R87: 1 | S87: 1 | T87: 1 | U87: 1 | V87: 1 | W87: 1 | X87: 1 | Y87: 1 | Z87: 1 | AA87: 1 | AB87: 1 | AC87: 1 | AE87: G 09 | AF87: PLTU 3 | AG87: 660 | AH87: 606.24279 | AI87: 726.24279 | AJ87: 679.55089 | AK87: 679.55089 | AL87: 773.74135 | AM87: 870 | AN87: 870 | AO87: 750 | AP87: 630 | AQ87: 661.4396 | AR87: 781.4396 | AS87: 702.50778 | AT87: 781.4396 | AU87: 870 | AV87: 870 | AW87: 750 | AX87: 750.24072 | AY87: 630.24072 | AZ87: 606.24279 | BA87: 635.99886 | BB87: 755.99886 | BC87: 674.51896 | BD87: 656.86118 | BF87: 10 | BG87: 853.8 | BI87: 20 | BJ87: 853.8 | BO87: G 09 | BP87: PLTU 3 | BQ87: 210 | BR87: 263.75721 | BS87: 143.75721 | BT87: 190.44911 | BU87: 190.44911 | BV87: 96.258647 | BW87: 0 | BX87: 0 | BY87: 120 | BZ87: 240 | CA87: 208.5604 | CB87: 88.5604 | CC87: 167.49222 | CD87: 88.5604 | CE87: 0 | CF87: 0 | CG87: 120 | CH87: 119.75928 | CI87: 239.75928 | CJ87: 263.75721 | CK87: 234.00114 | CL87: 114.00114 | CM87: 195.48104 | CN87: 213.13882 | CP87: G 09 | CQ87: PLTU 3 | CR87: 210 | CS87: 263.75721 | CT87: 143.75721 | CU87: 190.44911 | CV87: 190.44911 | CW87: 96.258647 | CX87: 0 | CY87: 0 | CZ87: 120 | DA87: 240 | DB87: 208.5604 | DC87: 88.5604 | DD87: 167.49222 | DE87: 88.5604 | DF87: 0 | DG87: 0 | DH87: 120 | DI87: 119.75928 | DJ87: 239.75928 | DK87: 263.75721 | DL87: 234.00114 | DM87: 114.00114 | DN87: 195.48104 | DO87: 213.13882
E88: G 10 | F88: 1 | G88: 1 | H88: 1 | I88: 1 | J88: 1 | K88: 1 | L88: 1 | M88: 1 | N88: 1 | O88: 1 | P88: 1 | Q88: 1 | R88: 1 | S88: 1 | T88: 1 | U88: 1 | V88: 1 | W88: 1 | X88: 1 | Y88: 1 | Z88: 1 | AA88: 1 | AB88: 1 | AC88: 1 | AE88: G 10 | AF88: PLTU 4 | AG88: 603.82683 | AH88: 631.04946 | AI88: 600 | AJ88: 720 | AK88: 600 | AL88: 600 | AM88: 600 | AN88: 600 | AO88: 720 | AP88: 840 | AQ88: 720 | AR88: 720 | AS88: 600 | AT88: 720 | AU88: 600 | AV88: 600 | AW88: 600 | AX88: 720 | AY88: 808.9954 | AZ88: 749.75607 | BA88: 840 | BB88: 729.30008 | BC88: 609.30008 | BD88: 670.21734 | BO88: G 10 | BP88: PLTU 4 | BQ88: 236.17317 | BR88: 208.95054 | BS88: 240 | BT88: 120 | BU88: 240 | BV88: 240 | BW88: 240 | BX88: 240 | BY88: 120 | BZ88: 0 | CA88: 120 | CB88: 120 | CC88: 240 | CD88: 120 | CE88: 240 | CF88: 240 | CG88: 240 | CH88: 120 | CI88: 31.004601 | CJ88: 90.243927 | CK88: 0 | CL88: 110.69992 | CM88: 230.69992 | CN88: 169.78266 | CP88: G 10 | CQ88: PLTU 4 | CR88: 236.17317 | CS88: 208.95054 | CT88: 240 | CU88: 120 | CV88: 240 | CW88: 240 | CX88: 240 | CY88: 240 | CZ88: 120 | DA88: 0 | DB88: 120 | DC88: 120 | DD88: 240 | DE88: 120 | DF88: 240 | DG88: 240 | DH88: 240 | DI88: 120 | DJ88: 31.004601 | DK88: 90.243927 | DL88: 0 | DM88: 110.69992 | DN88: 230.69992 | DO88: 169.78266
A91: #6
A92: consInit + consUC + consMUTMDT + consBasicRamp + consSRContingency + consSteadyPrimFreq
A94: Objective | E94: UC Status | AE94: Dispatch | BF94: System Inertia | BO94: Spinning Reserve | CP94: Primary Reserve
A95: Fuel Cost | B95: Quadratic | C95: 0 | E95: Gen | F95: Hour | AE95: Gen | AG95: Hour | BF95: Hour | BG95: Hsys | BI95: Hour | BJ95: Hsys | BL95: Hour | BM95: Hsys | BO95: Gen | BQ95: Hour | CP95: Gen | CR95: Hour
B96: Linear | C96: 3752693.7 | F96: 1 | G96: 2 | H96: 3 | I96: 4 | J96: 5 | K96: 6 | L96: 7 | M96: 8 | N96: 9 | O96: 10 | P96: 11 | Q96: 12 | R96: 13 | S96: 14 | T96: 15 | U96: 16 | V96: 17 | W96: 18 | X96: 19 | Y96: 20 | Z96: 21 | AA96: 22 | AB96: 23 | AC96: 24 | AG96: 1 | AH96: 2 | AI96: 3 | AJ96: 4 | AK96: 5 | AL96: 6 | AM96: 7 | AN96: 8 | AO96: 9 | AP96: 10 | AQ96: 11 | AR96: 12 | AS96: 13 | AT96: 14 | AU96: 15 | AV96: 16 | AW96: 17 | AX96: 18 | AY96: 19 | AZ96: 20 | BA96: 21 | BB96: 22 | BC96: 23 | BD96: 24 | BF96: 1 | BG96: 853.8 | BI96: 11 | BJ96: 853.8 | BL96: 21 | BM96: 853.8 | BQ96: 1 | BR96: 2 | BS96: 3 | BT96: 4 | BU96: 5 | BV96: 6 | BW96: 7 | BX96: 8 | BY96: 9 | BZ96: 10 | CA96: 11 | CB96: 12 | CC96: 13 | CD96: 14 | CE96: 15 | CF96: 16 | CG96: 17 | CH96: 18 | CI96: 19 | CJ96: 20 | CK96: 21 | CL96: 22 | CM96: 23 | CN96: 24 | CR96: 1 | CS96: 2 | CT96: 3 | CU96: 4 | CV96: 5 | CW96: 6 | CX96: 7 | CY96: 8 | CZ96: 9 | DA96: 10 | DB96: 11 | DC96: 12 | DD96: 13 | DE96: 14 | DF96: 15 | DG96: 16 | DH96: 17 | DI96: 18 | DJ96: 19 | DK96: 20 | DL96: 21 | DM96: 22 | DN96: 23 | DO96: 24
B97: No Load | C97: 551968.11 | E97: G 01 | F97: 1 | G97: 1 | H97: 1 | I97: 1 | J97: 1 | K97: 1 | L97: 1 | M97: 1 | N97: 1 | O97: 1 | P97: 1 | Q97: 1 | R97: 1 | S97: 1 | T97: 1 | U97: 1 | V97: 1 | W97: 1 | X97: 1 | Y97: 1 | Z97: 1 | AA97: 1 | AB97: 1 | AC97: 1 | AE97: G 01 | AF97: PLTU 1 | AG97: 1141.8 | AH97: 1060.8 | AI97: 940.8 | AJ97: 1060.8 | AK97: 946.0788 | AL97: 967.8 | AM97: 1087.8 | AN97: 1141.8 | AO97: 1141.8 | AP97: 1141.8 | AQ97: 1021.8 | AR97: 1141.8 | AS97: 1141.8 | AT97: 1087.8 | AU97: 967.8 | AV97: 1087.8 | AW97: 967.8 | AX97: 1021.8 | AY97: 1141.8 | AZ97: 1141.8 | BA97: 1141.8 | BB97: 1087.8 | BC97: 967.8 | BD97: 967.8 | BF97: 2 | BG97: 853.8 | BI97: 12 | BJ97: 853.8 | BL97: 22 | BM97: 853.8 | BO97: G 01 | BP97: PLTU 1 | BQ97: 34.2 | BR97: 115.2 | BS97: 235.2 | BT97: 115.2 | BU97: 229.9212 | BV97: 208.2 | BW97: 88.2 | BX97: 34.2 | BY97: 34.2 | BZ97: 34.2 | CA97: 154.2 | CB97: 34.2 | CC97: 34.2 | CD97: 88.2 | CE97: 208.2 | CF97: 88.2 | CG97: 208.2 | CH97: 154.2 | CI97: 34.2 | CJ97: 34.2 | CK97: 34.2 | CL97: 88.2 | CM97: 208.2 | CN97: 208.2 | CP97: G 01 | CQ97: PLTU 1 | CR97: 34.2 | CS97: 115.2 | CT97: 235.2 | CU97: 115.2 | CV97: 229.9212 | CW97: 208.2 | CX97: 88.2 | CY97: 34.2 | CZ97: 34.2 | DA97: 34.2 | DB97: 154.2 | DC97: 34.2 | DD97: 34.2 | DE97: 88.2 | DF97: 208.2 | DG97: 88.2 | DH97: 208.2 | DI97: 154.2 | DJ97: 34.2 | DK97: 34.2 | DL97: 34.2 | DM97: 88.2 | DN97: 208.2 | DO97: 208.2
B98: Piecewise | C98: 0 | E98: G 02 | F98: 1 | G98: 1 | H98: 1 | I98: 1 | J98: 1 | K98: 1 | L98: 1 | M98: 1 | N98: 1 | O98: 1 | P98: 1 | Q98: 1 | R98: 1 | S98: 1 | T98: 1 | U98: 1 | V98: 1 | W98: 1 | X98: 1 | Y98: 1 | Z98: 1 | AA98: 1 | AB98: 1 | AC98: 1 | AE98: G 02 | AF98: PLTGU 1 | AG98: 340 | AH98: 390.16845 | AI98: 340 | AJ98: 340 | AK98: 340 | AL98: 340 | AM98: 340 | AN98: 340 | AO98: 525.07191 | AP98: 825.07191 | AQ98: 858.98456 | AR98: 610.11575 | AS98: 659.58459 | AT98: 833.81125 | AU98: 533.81125 | AV98: 640.58914 | AW98: 578.4488 | AX98: 778.55684 | AY98: 530.2723 | AZ98: 710.4 | BA98: 658.68455 | BB98: 852.29894 | BC98: 608.26246 | BD98: 340 | BF98: 3 | BG98: 853.8 | BI98: 13 | BJ98: 853.8 | BL98: 23 | BM98: 853.8 | BO98: G 02 | BP98: PLTGU 1 | BQ98: 785 | BR98: 734.83155 | BS98: 785 | BT98: 785 | BU98: 785 | BV98: 785 | BW98: 785 | BX98: 785 | BY98: 599.92809 | BZ98: 299.92809 | CA98: 266.01544 | CB98: 514.88425 | CC98: 465.41541 | CD98: 291.18875 | CE98: 591.18875 | CF98: 484.41086 | CG98: 546.5512 | CH98: 346.44316 | CI98: 594.7277 | CJ98: 414.6 | CK98: 466.31545 | CL98: 272.70106 | CM98: 516.73754 | CN98: 785 | CP98: G 02 | CQ98: PLTGU 1 | CR98: 225 | CS98: 225 | CT98: 225 | CU98: 225 | CV98: 219.95012 | CW98: 225 | CX98: 225 | CY98: 225 | CZ98: 225 | DA98: 225 | DB98: 225 | DC98: 225 | DD98: 225 | DE98: 225 | DF98: 225 | DG98: 225 | DH98: 225 | DI98: 225 | DJ98: 225 | DK98: 225 | DL98: 225 | DM98: 225 | DN98: 225 | DO98: 225
A99: Startup Cost | C99: 0 | E99: G 03 | F99: 1 | G99: 1 | H99: 1 | I99: 1 | J99: 1 | K99: 1 | L99: 1 | M99: 1 | N99: 1 | O99: 1 | P99: 1 | Q99: 1 | R99: 1 | S99: 1 | T99: 1 | U99: 1 | V99: 1 | W99: 1 | X99: 1 | Y99: 1 | Z99: 1 | AA99: 1 | AB99: 1 | AC99: 1 | AE99: G 03 | AF99: PLTU 2 | AG99: 720 | AH99: 775.2 | AI99: 775.2 | AJ99: 661.58337 | AK99: 755.30457 | AL99: 775.2 | AM99: 775.2 | AN99: 775.2 | AO99: 775.2 | AP99: 775.2 | AQ99: 895.2 | AR99: 775.2 | AS99: 775.2 | AT99: 775.2 | AU99: 775.2 | AV99: 775.2 | AW99: 775.2 | AX99: 775.2 | AY99: 775.2 | AZ99: 775.2 | BA99: 775.2 | BB99: 775.2 | BC99: 775.2 | BD99: 775.2 | BF99: 4 | BG99: 853.8 | BI99: 14 | BJ99: 853.8 | BL99: 24 | BM99: 853.8 | BO99: G 03 | BP99: PLTU 2 | BQ99: 249 | BR99: 193.8 | BS99: 193.8 | BT99: 307.41663 | BU99: 213.69543 | BV99: 193.8 | BW99: 193.8 | BX99: 193.8 | BY99: 193.8 | BZ99: 193.8 | CA99: 73.8 | CB99: 193.8 | CC99: 193.8 | CD99: 193.8 | CE99: 193.8 | CF99: 193.8 | CG99: 193.8 | CH99: 193.8 | CI99: 193.8 | CJ99: 193.8 | CK99: 193.8 | CL99: 193.8 | CM99: 193.8 | CN99: 193.8 | CP99: G 03 | CQ99: PLTU 2 | CR99: 193.8 | CS99: 193.8 | CT99: 193.8 | CU99: 193.8 | CV99: 189.45037 | CW99: 193.8 | CX99: 193.8 | CY99: 193.8 | CZ99: 193.8 | DA99: 193.8 | DB99: 73.8 | DC99: 193.8 | DD99: 193.8 | DE99: 193.8 | DF99: 193.8 | DG99: 193.8 | DH99: 193.8 | DI99: 193.8 | DJ99: 193.8 | DK99: 193.8 | DL99: 193.8 | DM99: 193.8 | DN99: 193.8 | DO99: 193.8
A100: Shutdown Cost | C100: 0 | E100: G 04 | F100: 0 | G100: 0 | H100: 0 | I100: 0 | J100: 0 | K100: 0 | L100: 0 | M100: 0 | N100: 0 | O100: 0 | P100: 0 | Q100: 0 | R100: 0 | S100: 0 | T100: 0 | U100: 0 | V100: 0 | W100: 0 | X100: 0 | Y100: 0 | Z100: 0 | AA100: 0 | AB100: 0 | AC100: 0 | AE100: G 04 | AF100: PLTG 1 | AG100: 0 | AH100: 0 | AI100: 0 | AJ100: 0 | AK100: 0 | AL100: 0 | AM100: 0 | AN100: 0 | AO100: 0 | AP100: 0 | AQ100: 0 | AR100: 0 | AS100: 0 | AT100: 0 | AU100: 0 | AV100: 0 | AW100: 0 | AX100: 0 | AY100: 0 | AZ100: 0 | BA100: 0 | BB100: 0 | BC100: 0 | BD100: 0 | BF100: 5 | BG100: 853.8 | BI100: 15 | BJ100: 853.8 | BO100: G 04 | BP100: PLTG 1 | BQ100: 0 | BR100: 0 | BS100: 0 | BT100: 0 | BU100: 0 | BV100: 0 | BW100: 0 | BX100: 0 | BY100: 0 | BZ100: 0 | CA100: 0 | CB100: 0 | CC100: 0 | CD100: 0 | CE100: 0 | CF100: 0 | CG100: 0 | CH100: 0 | CI100: 0 | CJ100: 0 | CK100: 0 | CL100: 0 | CM100: 0 | CN100: 0 | CP100: G 04 | CQ100: PLTG 1 | CR100: 0 | CS100: 0 | CT100: 0 | CU100: 0 | CV100: 0 | CW100: 0 | CX100: 0 | CY100: 0 | CZ100: 0 | DA100: 0 | DB100: 0 | DC100: 0 | DD100: 0 | DE100: 0 | DF100: 0 | DG100: 0 | DH100: 0 | DI100: 0 | DJ100: 0 | DK100: 0 | DL100: 0 | DM100: 0 | DN100: 0 | DO100: 0
A101: Total Cost | C101: =SUM(C95:C100) -> 4304661.8 | E101: G 05 | F101: 0 | G101: 0 | H101: 0 | I101: 0 | J101: 0 | K101: 0 | L101: 0 | M101: 0 | N101: 0 | O101: 0 | P101: 0 | Q101: 0 | R101: 0 | S101: 0 | T101: 0 | U101: 0 | V101: 0 | W101: 0 | X101: 0 | Y101: 0 | Z101: 0 | AA101: 0 | AB101: 0 | AC101: 0 | AE101: G 05 | AF101: PLTG 2 | AG101: 0 | AH101: 0 | AI101: 0 | AJ101: 0 | AK101: 0 | AL101: 0 | AM101: 0 | AN101: 0 | AO101: 0 | AP101: 0 | AQ101: 0 | AR101: 0 | AS101: 0 | AT101: 0 | AU101: 0 | AV101: 0 | AW101: 0 | AX101: 0 | AY101: 0 | AZ101: 0 | BA101: 0 | BB101: 0 | BC101: 0 | BD101: 0 | BF101: 6 | BG101: 853.8 | BI101: 16 | BJ101: 853.8 | BO101: G 05 | BP101: PLTG 2 | BQ101: 0 | BR101: 0 | BS101: 0 | BT101: 0 | BU101: 0 | BV101: 0 | BW101: 0 | BX101: 0 | BY101: 0 | BZ101: 0 | CA101: 0 | CB101: 0 | CC101: 0 | CD101: 0 | CE101: 0 | CF101: 0 | CG101: 0 | CH101: 0 | CI101: 0 | CJ101: 0 | CK101: 0 | CL101: 0 | CM101: 0 | CN101: 0 | CP101: G 05 | CQ101: PLTG 2 | CR101: 0 | CS101: 0 | CT101: 0 | CU101: 0 | CV101: 0 | CW101: 0 | CX101: 0 | CY101: 0 | CZ101: 0 | DA101: 0 | DB101: 0 | DC101: 0 | DD101: 0 | DE101: 0 | DF101: 0 | DG101: 0 | DH101: 0 | DI101: 0 | DJ101: 0 | DK101: 0 | DL101: 0 | DM101: 0 | DN101: 0 | DO101: 0
E102: G 06 | F102: 1 | G102: 1 | H102: 1 | I102: 1 | J102: 1 | K102: 1 | L102: 1 | M102: 1 | N102: 1 | O102: 1 | P102: 1 | Q102: 1 | R102: 1 | S102: 1 | T102: 1 | U102: 1 | V102: 1 | W102: 1 | X102: 1 | Y102: 1 | Z102: 1 | AA102: 1 | AB102: 1 | AC102: 1 | AE102: G 06 | AF102: PLTGU 2 | AG102: 443.87683 | AH102: 250 | AI102: 250 | AJ102: 250 | AK102: 250 | AL102: 338.52102 | AM102: 400.06041 | AN102: 351.69194 | AO102: 473.38215 | AP102: 489 | AQ102: 489 | AR102: 489 | AS102: 489 | AT102: 489 | AU102: 640.61576 | AV102: 489 | AW102: 489 | AX102: 489 | AY102: 489 | AZ102: 489 | BA102: 489 | BB102: 489 | BC102: 489 | BD102: 250 | BF102: 7 | BG102: 853.8 | BI102: 17 | BJ102: 853.8 | BO102: G 06 | BP102: PLTGU 2 | BQ102: 651.12317 | BR102: 845 | BS102: 845 | BT102: 845 | BU102: 845 | BV102: 756.47898 | BW102: 694.93959 | BX102: 743.30806 | BY102: 621.61785 | BZ102: 606 | CA102: 606 | CB102: 606 | CC102: 606 | CD102: 606 | CE102: 454.38424 | CF102: 606 | CG102: 606 | CH102: 606 | CI102: 606 | CJ102: 606 | CK102: 606 | CL102: 606 | CM102: 606 | CN102: 845 | CP102: G 06 | CQ102: PLTGU 2 | CR102: 219 | CS102: 219 | CT102: 219 | CU102: 219 | CV102: 214.08479 | CW102: 219 | CX102: 219 | CY102: 219 | CZ102: 219 | DA102: 219 | DB102: 219 | DC102: 219 | DD102: 219 | DE102: 219 | DF102: 219 | DG102: 219 | DH102: 219 | DI102: 219 | DJ102: 219 | DK102: 219 | DL102: 219 | DM102: 219 | DN102: 219 | DO102: 219
E103: G 07 | F103: 1 | G103: 1 | H103: 1 | I103: 1 | J103: 1 | K103: 1 | L103: 1 | M103: 1 | N103: 1 | O103: 1 | P103: 1 | Q103: 1 | R103: 1 | S103: 1 | T103: 1 | U103: 1 | V103: 1 | W103: 1 | X103: 1 | Y103: 1 | Z103: 1 | AA103: 1 | AB103: 1 | AC103: 1 | AE103: G 07 | AF103: PLTGU 3 | AG103: 248 | AH103: 248 | AI103: 248 | AJ103: 248 | AK103: 248 | AL103: 248 | AM103: 248 | AN103: 248 | AO103: 248 | AP103: 248 | AQ103: 348 | AR103: 648 | AS103: 348 | AT103: 348 | AU103: 648 | AV103: 648 | AW103: 648 | AX103: 348 | AY103: 648 | AZ103: 648 | BA103: 648 | BB103: 348 | BC103: 321.2565 | BD103: 621.2565 | BF103: 8 | BG103: 853.8 | BI103: 18 | BJ103: 853.8 | BO103: G 07 | BP103: PLTGU 3 | BQ103: 562 | BR103: 562 | BS103: 562 | BT103: 562 | BU103: 562 | BV103: 562 | BW103: 562 | BX103: 562 | BY103: 562 | BZ103: 562 | CA103: 462 | CB103: 162 | CC103: 462 | CD103: 462 | CE103: 162 | CF103: 162 | CG103: 162 | CH103: 462 | CI103: 162 | CJ103: 162 | CK103: 162 | CL103: 462 | CM103: 488.7435 | CN103: 188.7435 | CP103: G 07 | CQ103: PLTGU 3 | CR103: 162 | CS103: 162 | CT103: 162 | CU103: 162 | CV103: 158.36409 | CW103: 162 | CX103: 162 | CY103: 162 | CZ103: 162 | DA103: 162 | DB103: 162 | DC103: 162 | DD103: 162 | DE103: 162 | DF103: 162 | DG103: 162 | DH103: 162 | DI103: 162 | DJ103: 162 | DK103: 162 | DL103: 162 | DM103: 162 | DN103: 162 | DO103: 162
E104: G 08 | F104: 0 | G104: 0 | H104: 0 | I104: 0 | J104: 0 | K104: 0 | L104: 0 | M104: 0 | N104: 0 | O104: 0 | P104: 0 | Q104: 0 | R104: 0 | S104: 0 | T104: 0 | U104: 0 | V104: 0 | W104: 0 | X104: 0 | Y104: 0 | Z104: 0 | AA104: 0 | AB104: 0 | AC104: 0 | AE104: G 08 | AF104: PLTGU 4 | AG104: 0 | AH104: 0 | AI104: 0 | AJ104: 0 | AK104: 0 | AL104: 0 | AM104: 0 | AN104: 0 | AO104: 0 | AP104: 0 | AQ104: 0 | AR104: 0 | AS104: 0 | AT104: 0 | AU104: 0 | AV104: 0 | AW104: 0 | AX104: 0 | AY104: 0 | AZ104: 0 | BA104: 0 | BB104: 0 | BC104: 0 | BD104: 0 | BF104: 9 | BG104: 853.8 | BI104: 19 | BJ104: 853.8 | BO104: G 08 | BP104: PLTGU 4 | BQ104: 0 | BR104: 0 | BS104: 0 | BT104: 0 | BU104: 0 | BV104: 0 | BW104: 0 | BX104: 0 | BY104: 0 | BZ104: 0 | CA104: 0 | CB104: 0 | CC104: 0 | CD104: 0 | CE104: 0 | CF104: 0 | CG104: 0 | CH104: 0 | CI104: 0 | CJ104: 0 | CK104: 0 | CL104: 0 | CM104: 0 | CN104: 0 | CP104: G 08 | CQ104: PLTGU 4 | CR104: 0 | CS104: 0 | CT104: 0 | CU104: 0 | CV104: 0 | CW104: 0 | CX104: 0 | CY104: 0 | CZ104: 0 | DA104: 0 | DB104: 0 | DC104: 0 | DD104: 0 | DE104: 0 | DF104: 0 | DG104: 0 | DH104: 0 | DI104: 0 | DJ104: 0 | DK104: 0 | DL104: 0 | DM104: 0 | DN104: 0 | DO104: 0
E105: G 09 | F105: 1 | G105: 1 | H105: 1 | I105: 1 | J105: 1 | K105: 1 | L105: 1 | M105: 1 | N105: 1 | O105: 1 | P105: 1 | Q105: 1 | R105: 1 | S105: 1 | T105: 1 | U105: 1 | V105: 1 | W105: 1 | X105: 1 | Y105: 1 | Z105: 1 | AA105: 1 | AB105: 1 | AC105: 1 | AE105: G 09 | AF105: PLTU 3 | AG105: 660 | AH105: 777 | AI105: 743.20179 | AJ105: 750 | AK105: 870 | AL105: 870 | AM105: 750 | AN105: 696 | AO105: 696 | AP105: 696 | AQ105: 696 | AR105: 696 | AS105: 696 | AT105: 750 | AU105: 870 | AV105: 750 | AW105: 870 | AX105: 816 | AY105: 696 | AZ105: 696 | BA105: 696 | BB105: 750 | BC105: 870 | BD105: 870 | BF105: 10 | BG105: 853.8 | BI105: 20 | BJ105: 853.8 | BO105: G 09 | BP105: PLTU 3 | BQ105: 210 | BR105: 93 | BS105: 126.79821 | BT105: 120 | BU105: 0 | BV105: 0 | BW105: 120 | BX105: 174 | BY105: 174 | BZ105: 174 | CA105: 174 | CB105: 174 | CC105: 174 | CD105: 120 | CE105: 0 | CF105: 120 | CG105: 0 | CH105: 54 | CI105: 174 | CJ105: 174 | CK105: 174 | CL105: 120 | CM105: 0 | CN105: 0 | CP105: G 09 | CQ105: PLTU 3 | CR105: 174 | CS105: 93 | CT105: 126.79821 | CU105: 120 | CV105: 0 | CW105: 0 | CX105: 120 | CY105: 174 | CZ105: 174 | DA105: 174 | DB105: 174 | DC105: 174 | DD105: 174 | DE105: 120 | DF105: 0 | DG105: 120 | DH105: 0 | DI105: 54 | DJ105: 174 | DK105: 174 | DL105: 174 | DM105: 120 | DN105: 0 | DO105: 0
E106: G 10 | F106: 1 | G106: 1 | H106: 1 | I106: 1 | J106: 1 | K106: 1 | L106: 1 | M106: 1 | N106: 1 | O106: 1 | P106: 1 | Q106: 1 | R106: 1 | S106: 1 | T106: 1 | U106: 1 | V106: 1 | W106: 1 | X106: 1 | Y106: 1 | Z106: 1 | AA106: 1 | AB106: 1 | AC106: 1 | AE106: G 10 | AF106: PLTU 4 | AG106: 672 | AH106: 672 | AI106: 792 | AJ106: 699 | AK106: 600 | AL106: 672 | AM106: 672 | AN106: 672 | AO106: 672 | AP106: 672 | AQ106: 672 | AR106: 672 | AS106: 672 | AT106: 672 | AU106: 672 | AV106: 672 | AW106: 672 | AX106: 672 | AY106: 672 | AZ106: 672 | BA106: 672 | BB106: 672 | BC106: 672 | BD106: 672 | BO106: G 10 | BP106: PLTU 4 | BQ106: 168 | BR106: 168 | BS106: 48 | BT106: 141 | BU106: 240 | BV106: 168 | BW106: 168 | BX106: 168 | BY106: 168 | BZ106: 168 | CA106: 168 | CB106: 168 | CC106: 168 | CD106: 168 | CE106: 168 | CF106: 168 | CG106: 168 | CH106: 168 | CI106: 168 | CJ106: 168 | CK106: 168 | CL106: 168 | CM106: 168 | CN106: 168 | CP106: G 10 | CQ106: PLTU 4 | CR106: 168 | CS106: 168 | CT106: 48 | CU106: 141 | CV106: 164.22943 | CW106: 168 | CX106: 168 | CY106: 168 | CZ106: 168 | DA106: 168 | DB106: 168 | DC106: 168 | DD106: 168 | DE106: 168 | DF106: 168 | DG106: 168 | DH106: 168 | DI106: 168 | DJ106: 168 | DK106: 168 | DL106: 168 | DM106: 168 | DN106: 168 | DO106: 168
A109: #7
A110: consInit + consUC + consMUTMDT + consBasicRamp + consSRContingency + consBattery
A112: Objective | E112: UC Status | AE112: Dispatch (Candra) | BF112: System Inertia | BO112: Spinning Reserve (Candra) | CP112: Primary Reserve | DQ112: Charge/Discharge Battery
A113: Fuel Cost | B113: Quadratic | C113: 0 | E113: Gen | F113: Hour | AE113: Gen | AG113: Hour | BF113: Hour | BG113: Hsys | BI113: Hour | BJ113: Hsys | BL113: Hour | BM113: Hsys | BO113: Gen | BQ113: Hour | CP113: Gen | CR113: Hour | DQ113: Hasil | DR113: Hour
B114: Linear | C114: 3506628 | F114: 1 | G114: 2 | H114: 3 | I114: 4 | J114: 5 | K114: 6 | L114: 7 | M114: 8 | N114: 9 | O114: 10 | P114: 11 | Q114: 12 | R114: 13 | S114: 14 | T114: 15 | U114: 16 | V114: 17 | W114: 18 | X114: 19 | Y114: 20 | Z114: 21 | AA114: 22 | AB114: 23 | AC114: 24 | AG114: 1 | AH114: 2 | AI114: 3 | AJ114: 4 | AK114: 5 | AL114: 6 | AM114: 7 | AN114: 8 | AO114: 9 | AP114: 10 | AQ114: 11 | AR114: 12 | AS114: 13 | AT114: 14 | AU114: 15 | AV114: 16 | AW114: 17 | AX114: 18 | AY114: 19 | AZ114: 20 | BA114: 21 | BB114: 22 | BC114: 23 | BD114: 24 | BF114: 1 | BG114: 708 | BI114: 11 | BJ114: 723.6 | BL114: 21 | BM114: 723.6 | BQ114: 1 | BR114: 2 | BS114: 3 | BT114: 4 | BU114: 5 | BV114: 6 | BW114: 7 | BX114: 8 | BY114: 9 | BZ114: 10 | CA114: 11 | CB114: 12 | CC114: 13 | CD114: 14 | CE114: 15 | CF114: 16 | CG114: 17 | CH114: 18 | CI114: 19 | CJ114: 20 | CK114: 21 | CL114: 22 | CM114: 23 | CN114: 24 | CR114: 1 | CS114: 2 | CT114: 3 | CU114: 4 | CV114: 5 | CW114: 6 | CX114: 7 | CY114: 8 | CZ114: 9 | DA114: 10 | DB114: 11 | DC114: 12 | DD114: 13 | DE114: 14 | DF114: 15 | DG114: 16 | DH114: 17 | DI114: 18 | DJ114: 19 | DK114: 20 | DL114: 21 | DM114: 22 | DN114: 23 | DO114: 24 | DR114: 1 | DS114: 2 | DT114: 3 | DU114: 4 | DV114: 5 | DW114: 6 | DX114: 7 | DY114: 8 | DZ114: 9 | EA114: 10 | EB114: 11 | EC114: 12 | ED114: 13 | EE114: 14 | EF114: 15 | EG114: 16 | EH114: 17 | EI114: 18 | EJ114: 19 | EK114: 20 | EL114: 21 | EM114: 22 | EN114: 23 | EO114: 24
B115: No Load | C115: 507544.53 | E115: G 01 | F115: 1 | G115: 1 | H115: 1 | I115: 1 | J115: 1 | K115: 1 | L115: 1 | M115: 1 | N115: 1 | O115: 1 | P115: 1 | Q115: 1 | R115: 1 | S115: 1 | T115: 1 | U115: 1 | V115: 1 | W115: 1 | X115: 1 | Y115: 1 | Z115: 1 | AA115: 1 | AB115: 1 | AC115: 1 | AE115: G 01 | AF115: PLTU 1 | AG115: 1176 | AH115: 1176 | AI115: 1176 | AJ115: 1176 | AK115: 1176 | AL115: 1056 | AM115: 1044.2622 | AN115: 1155.6919 | AO115: 1176 | AP115: 1176 | AQ115: 1176 | AR115: 1176 | AS115: 1176 | AT115: 1176 | AU115: 1176 | AV115: 1176 | AW115: 1176 | AX115: 1176 | AY115: 1176 | AZ115: 1176 | BA115: 1176 | BB115: 1176 | BC115: 1176 | BD115: 1176 | BF115: 2 | BG115: 708 | BI115: 12 | BJ115: 723.6 | BL115: 22 | BM115: 723.6 | BO115: G 01 | BP115: PLTU 1 | BQ115: =IF(F115=1,Gen!$D3-Sheet1!AG115,0) -> 0 | BR115: =IF(G115=1,Gen!$D3-Sheet1!AH115,0) -> 0 | BS115: =IF(H115=1,Gen!$D3-Sheet1!AI115,0) -> 0 | BT115: =IF(I115=1,Gen!$D3-Sheet1!AJ115,0) -> 0 | BU115: =IF(J115=1,Gen!$D3-Sheet1!AK115,0) -> 0 | BV115: =IF(K115=1,Gen!$D3-Sheet1!AL115,0) -> 120 | BW115: =IF(L115=1,Gen!$D3-Sheet1!AM115,0) -> 131.7378 | BX115: =IF(M115=1,Gen!$D3-Sheet1!AN115,0) -> 20.308063 | ... CN115: =IF(AC115=1,Gen!$D3-Sheet1!BD115,0) -> 0 | CP115: G 01 | CQ115: PLTU 1 | DQ115: Candra | DR115: =SUM(AG115:AG124)-AG$139 -> -20.5 | DS115: =SUM(AH115:AH124)-AH$139 -> 0 | DT115: =SUM(AI115:AI124)-AI$139 -> 24.798214 | DU115: =SUM(AJ115:AJ124)-AJ$139 -> 80 | DV115: =SUM(AK115:AK124)-AK$139 -> 80 | DW115: =SUM(AL115:AL124)-AL$139 -> 0 | DX115: =SUM(AM115:AM124)-AM$139 -> -79.798214 | DY115: =SUM(AN115:AN124)-AN$139 -> 80 | ... EO115: =SUM(BD115:BD124)-BD$139 -> 20.5
B116: Piecewise | C116: 0 | E116: G 02 | F116: 1 | G116: 1 | H116: 1 | I116: 1 | J116: 1 | K116: 1 | L116: 1 | M116: 1 | N116: 1 | O116: 1 | P116: 1 | Q116: 1 | R116: 1 | S116: 1 | T116: 1 | U116: 1 | V116: 1 | W116: 1 | X116: 1 | Y116: 1 | Z116: 1 | AA116: 1 | AB116: 1 | AC116: 1 | AE116: G 02 | AF116: PLTGU 1 | AG116: 528 | AH116: 340 | AI116: 340 | AJ116: 340 | AK116: 340 | AL116: 340 | AM116: 340 | AN116: 340 | AO116: 426.45406 | AP116: 442.07191 | AQ116: 739.10031 | AR116: 794 | AS116: 494 | AT116: 794 | AU116: 505.61576 | AV116: 640 | AW116: 340 | AX116: 340 | AY116: 635.67751 | AZ116: 576.4 | BA116: 810.68455 | BB116: 704.29894 | BC116: 404.29894 | BD116: 411.7565 | BF116: 3 | BG116: 708 | BI116: 13 | BJ116: 723.6 | BL116: 23 | BM116: 708 | BO116: G 02 | BP116: PLTGU 1 | BQ116: =IF(F116=1,Gen!$D4-Sheet1!AG116,0) -> 597 | BR116: =IF(G116=1,Gen!$D4-Sheet1!AH116,0) -> 785 | BS116: =IF(H116=1,Gen!$D4-Sheet1!AI116,0) -> 785 | BT116: =IF(I116=1,Gen!$D4-Sheet1!AJ116,0) -> 785 | BU116: =IF(J116=1,Gen!$D4-Sheet1!AK116,0) -> 785 | BV116: =IF(K116=1,Gen!$D4-Sheet1!AL116,0) -> 785 | BW116: =IF(L116=1,Gen!$D4-Sheet1!AM116,0) -> 785 | BX116: =IF(M116=1,Gen!$D4-Sheet1!AN116,0) -> 785 | ... CN116: =IF(AC116=1,Gen!$D4-Sheet1!BD116,0) -> 713.2435 | CP116: G 02 | CQ116: PLTGU 1 | DQ116: Aris | DR116: =SUM(AG128:AG137)-AG$139 -> -20.496835 | DS116: =SUM(AH128:AH137)-AH$139 -> 0.0015460799 | DT116: =SUM(AI128:AI137)-AI$139 -> -0.0017856272 | DU116: =SUM(AJ128:AJ137)-AJ$139 -> 19.996629 | DV116: =SUM(AK128:AK137)-AK$139 -> -0.0033712251 | DW116: =SUM(AL128:AL137)-AL$139 -> 24.998977 | DX116: =SUM(AM128:AM137)-AM$139 -> 59.999589 | DY116: =SUM(AN128:AN137)-AN$139 -> 79.998063 | ... EO116: =SUM(BD128:BD137)-BD$139 -> 5.5034981
A117: Startup Cost | C117: 5712 | E117: G 03 | F117: 1 | G117: 1 | H117: 1 | I117: 1 | J117: 1 | K117: 1 | L117: 1 | M117: 1 | N117: 1 | O117: 1 | P117: 1 | Q117: 1 | R117: 1 | S117: 1 | T117: 1 | U117: 1 | V117: 1 | W117: 1 | X117: 1 | Y117: 1 | Z117: 1 | AA117: 1 | AB117: 1 | AC117: 1 | AE117: G 03 | AF117: PLTU 2 | AG117: 720 | AH117: 840 | AI117: 960 | AJ117: 969 | AK117: 853.38337 | AL117: 855.52102 | AM117: 969 | AN117: 969 | AO117: 969 | AP117: 969 | AQ117: 969 | AR117: 969 | AS117: 969 | AT117: 969 | AU117: 969 | AV117: 969 | AW117: 969 | AX117: 969 | AY117: 969 | AZ117: 969 | BA117: 969 | BB117: 969 | BC117: 969 | BD117: 969 | BF117: 4 | BG117: 708 | BI117: 14 | BJ117: 723.6 | BL117: 24 | BM117: 708 | BO117: G 03 | BP117: PLTU 2 | BQ117: =IF(F117=1,Gen!$D5-Sheet1!AG117,0) -> 249 | BR117: =IF(G117=1,Gen!$D5-Sheet1!AH117,0) -> 129 | BS117: =IF(H117=1,Gen!$D5-Sheet1!AI117,0) -> 9 | BT117: =IF(I117=1,Gen!$D5-Sheet1!AJ117,0) -> 0 | BU117: =IF(J117=1,Gen!$D5-Sheet1!AK117,0) -> 115.61663 | BV117: =IF(K117=1,Gen!$D5-Sheet1!AL117,0) -> 113.47898 | BW117: =IF(L117=1,Gen!$D5-Sheet1!AM117,0) -> 0 | BX117: =IF(M117=1,Gen!$D5-Sheet1!AN117,0) -> 0 | ... CN117: =IF(AC117=1,Gen!$D5-Sheet1!BD117,0) -> 1.1368684e-13 | CP117: G 03 | CQ117: PLTU 2 | DR117: =(DR127+DR130)-(DR128+DR131) -> 0
A118: Shutdown Cost | C118: 0 | E118: G 04 | F118: 0 | G118: 0 | H118: 0 | I118: 0 | J118: 0 | K118: 0 | L118: 0 | M118: 0 | N118: 0 | O118: 0 | P118: 1 | Q118: 1 | R118: 1 | S118: 1 | T118: 1 | U118: 1 | V118: 1 | W118: 1 | X118: 1 | Y118: 1 | Z118: 1 | AA118: 1 | AB118: 0 | AC118: 0 | AE118: G 04 | AF118: PLTG 1 | AG118: 0 | AH118: 0 | AI118: 0 | AJ118: 0 | AK118: 0 | AL118: 0 | AM118: 0 | AN118: 0 | AO118: 0 | AP118: 0 | AQ118: 85 | AR118: 85 | AS118: 85 | AT118: 85 | AU118: 85 | AV118: 85 | AW118: 85 | AX118: 85 | AY118: 85 | AZ118: 85 | BA118: 85 | BB118: 85 | BC118: 0 | BD118: 0 | BF118: 5 | BG118: 708 | BI118: 15 | BJ118: 723.6 | BO118: G 04 | BP118: PLTG 1 | BQ118: =IF(F118=1,Gen!$D6-Sheet1!AG118,0) -> 0 | BR118: =IF(G118=1,Gen!$D6-Sheet1!AH118,0) -> 0 | BS118: =IF(H118=1,Gen!$D6-Sheet1!AI118,0) -> 0 | BT118: =IF(I118=1,Gen!$D6-Sheet1!AJ118,0) -> 0 | BU118: =IF(J118=1,Gen!$D6-Sheet1!AK118,0) -> 0 | BV118: =IF(K118=1,Gen!$D6-Sheet1!AL118,0) -> 0 | BW118: =IF(L118=1,Gen!$D6-Sheet1!AM118,0) -> 0 | BX118: =IF(M118=1,Gen!$D6-Sheet1!AN118,0) -> 0 | ... CN118: =IF(AC118=1,Gen!$D6-Sheet1!BD118,0) -> 0 | CP118: G 04 | CQ118: PLTG 1 | DQ118: SOC
A119: Total Cost | C119: =SUM(C113:C118) -> 4019884.5 | E119: G 05 | F119: 0 | G119: 0 | H119: 0 | I119: 0 | J119: 0 | K119: 0 | L119: 0 | M119: 0 | N119: 0 | O119: 0 | P119: 0 | Q119: 0 | R119: 0 | S119: 0 | T119: 0 | U119: 0 | V119: 0 | W119: 0 | X119: 1 | Y119: 1 | Z119: 0 | AA119: 0 | AB119: 0 | AC119: 0 | AE119: G 05 | AF119: PLTG 2 | AG119: 0 | AH119: 0 | AI119: 0 | AJ119: 0 | AK119: 0 | AL119: 0 | AM119: 0 | AN119: 0 | AO119: 0 | AP119: 0 | AQ119: 0 | AR119: 0 | AS119: 0 | AT119: 0 | AU119: 0 | AV119: 0 | AW119: 0 | AX119: 0 | AY119: 66 | AZ119: 66 | BA119: 0 | BB119: 0 | BC119: 0 | BD119: 0 | BF119: 6 | BG119: 708 | BI119: 16 | BJ119: 723.6 | BO119: G 05 | BP119: PLTG 2 | BQ119: =IF(F119=1,Gen!$D7-Sheet1!AG119,0) -> 0 | BR119: =IF(G119=1,Gen!$D7-Sheet1!AH119,0) -> 0 | BS119: =IF(H119=1,Gen!$D7-Sheet1!AI119,0) -> 0 | BT119: =IF(I119=1,Gen!$D7-Sheet1!AJ119,0) -> 0 | BU119: =IF(J119=1,Gen!$D7-Sheet1!AK119,0) -> 0 | BV119: =IF(K119=1,Gen!$D7-Sheet1!AL119,0) -> 0 | BW119: =IF(L119=1,Gen!$D7-Sheet1!AM119,0) -> 0 | BX119: =IF(M119=1,Gen!$D7-Sheet1!AN119,0) -> 0 | ... CN119: =IF(AC119=1,Gen!$D7-Sheet1!BD119,0) -> 0 | CP119: G 05 | CQ119: PLTG 2 | DQ119: Hasil | DR119: Hour
...

Sheet Dispatch
A1: Hour | B1: 1 | C1: 2 | D1: 3 | E1: 4 | F1: 5 | G1: 6 | H1: 7 | I1: 8 | J1: 9 | K1: 10 | L1: 11 | M1: 12 | N1: 13 | O1: 14 | P1: 15 | Q1: 16 | R1: 17 | S1: 18 | T1: 19 | U1: 20 | V1: 21 | W1: 22 | X1: 23 | Y1: 24
A2: Demand | B2: 4225.68 | C2: 4173.17 | D2: 4089.2 | E2: 4009.38 | F2: 4009.38 | G2: 4211.52 | H2: 4273.06 | I2: 4224.69 | J2: 4531.45 | K2: 4847.07 | L2: 4980.98 | M2: 5032.12 | N2: 4781.58 | O2: 4955.81 | P2: 5107.43 | Q2: 5062.59 | R2: 5000.45 | S2: 4900.56 | T2: 4952.27 | U2: 5132.4 | V2: 5080.68 | W2: 4974.3 | X2: 4703.52 | Y2: 4496.26
A3: G1_P | B3: 1056 | C3: 940.8 | D3: 820.8 | E3: 700.8 | F3: 627 | G3: 745.98 | H3: 745.98 | I3: 745.98 | J3: 673.98 | K3: 633.59 | L3: 673.98 | M3: 673.98 | N3: 745.98 | O3: 772.8 | P3: 820.8 | Q3: 940.8 | R3: 940.8 | S3: 909.83 | T3: 789.83 | U3: 759.59 | V3: 656.22 | W3: 745.98 | X3: 633.59 | Y3: 705.86
A4: G2_P | B4: 340 | C4: 340 | D4: 340 | E4: 340 | F4: 340 | G4: 340 | H4: 340 | I4: 340 | J4: 340 | K4: 340 | L4: 487.02 | M4: 340 | N4: 509.26 | O4: 588 | P4: 535.11 | Q4: 384.04 | R4: 600 | S4: 900 | T4: 600 | U4: 588.78 | V4: 360.46 | W4: 463.51 | X4: 340 | Y4: 0
A5: G3_P | B5: 720 | C5: 769.62 | D5: 829.68 | E5: 921.01 | F5: 969 | G5: 969 | H5: 969 | I5: 969 | J5: 969 | K5: 969 | L5: 969 | M5: 969 | N5: 969 | O5: 942.18 | P5: 822.18 | Q5: 747.93 | R5: 747.93 | S5: 775.2 | T5: 763.4 | U5: 883.4 | V5: 969 | W5: 969 | X5: 871.64 | Y5: 789.72
A6: G4_P | B6: 85 | C6: 0 | D6: 0 | E6: 0 | F6: 0 | G6: 0 | H6: 0 | I6: 0 | J6: 0 | K6: 0 | L6: 0 | M6: 0 | N6: 0 | O6: 0 | P6: 0 | Q6: 0 | R6: 0 | S6: 0 | T6: 0 | U6: 0 | V6: 0 | W6: 0 | X6: 0 | Y6: 0
A7: G5_P | B7: 66 | C7: 0 | D7: 0 | E7: 0 | F7: 0 | G7: 0 | H7: 0 | I7: 0 | J7: 0 | K7: 0 | L7: 0 | M7: 0 | N7: 0 | O7: 0 | P7: 0 | Q7: 0 | R7: 0 | S7: 0 | T7: 0 | U7: 0 | V7: 0 | W7: 0 | X7: 0 | Y7: 0
A8: G6_P | B8: 250 | C8: 250 | D8: 250 | E8: 250 | F8: 250 | G8: 250 | H8: 366.52 | I8: 250 | J8: 550 | K8: 850 | L8: 922.41 | M8: 876 | N8: 576 | O8: 876 | P8: 876 | Q8: 1008.01 | R8: 882.01 | S8: 582.01 | T8: 882.01 | U8: 1008.01 | V8: 876 | W8: 964.2 | X8: 876 | Y8: 882.25
A9: G7_P | B9: 248 | C9: 248 | D9: 248 | E9: 248 | F9: 248 | G9: 407.92 | H9: 256.14 | I9: 556.14 | J9: 431.64 | K9: 344.86 | L9: 348 | M9: 648 | N9: 736.56 | O9: 436.56 | P9: 648 | Q9: 648 | R9: 391.82 | S9: 280.09 | T9: 315.33 | U9: 348 | V9: 648 | W9: 348 | X9: 348 | Y9: 648
A10: G8_P | B10: 0 | C10: 0 | D10: 0 | E10: 0 | F10: 0 | G10: 0 | H10: 0 | I10: 0 | J10: 0 | K10: 0 | L10: 0 | M10: 0 | N10: 0 | O10: 0 | P10: 0 | Q10: 0 | R10: 0 | S10: 0 | T10: 0 | U10: 0 | V10: 0 | W10: 0 | X10: 0 | Y10: 0
A11: G9_P | B11: 540.68 | C11: 606.24 | D11: 657.78 | E11: 696 | F11: 683.63 | G11: 606.24 | H11: 606.24 | I11: 606.24 | J11: 606.24 | K11: 646.64 | L11: 606.24 | M11: 606.24 | N11: 606.24 | O11: 606.24 | P11: 606.24 | Q11: 632.49 | R11: 632.49 | S11: 636.2 | T11: 696 | U11: 606.24 | V11: 696 | W11: 606.24 | X11: 696 | Y11: 676.55
A12: G10_P | B12: 600 | C12: 600 | D12: 600 | E12: 600 | F12: 600 | G12: 600 | H12: 600 | I12: 600 | J12: 672 | K12: 672 | L12: 672 | M12: 672 | N12: 600 | O12: 600 | P12: 672 | Q12: 600 | R12: 600 | S12: 600 | T12: 672 | U12: 672 | V12: 600 | W12: 600 | X12: 720 | Y12: 607.41
... A16: Total_Power | B16: 4305.68 | C16: 4093.17 | D16: 4093.7 | E16: 4089.38 | F16: 4089.38 | G16: 4191.52 | H16: 4193.06 | I16: 4304.69 | J16: 4551.45 | K16: 4847.07 | L16: 4967.31 | M16: 4965.79 | N16: 4861.58 | O16: 4955.81 | P16: 5107.43 | Q16: 5062.59 | R16: 4980.45 | S16: 4900.56 | T16: 4952.27 | U16: 5132.4 | V16: 5061.18 | W16: 4894.3 | X16: 4704.69 | Y16: 4450.09

Sheet Battery
A1: Hour | B1: 1 | C1: 2 | D1: 3 | E1: 4 | F1: 5 | G1: 6 | H1: 7 | I1: 8 | J1: 9 | K1: 10 | L1: 11 | M1: 12 | N1: 13 | O1: 14 | P1: 15 | Q1: 16 | R1: 17 | S1: 18 | T1: 19 | U1: 20 | V1: 21 | W1: 22 | X1: 23 | Y1: 24
A2: B1_P_charge | B2: 60 | C2: 0 | D2: 19.5 | E2: 60 | F2: 60 | G2: 0 | H2: 0 | I2: 60 | J2: 0 | K2: 0 | L2: 0 | M2: 0 | N2: 60 | O2: 0 | P2: 0 | Q2: 0 | R2: 0 | S2: 0 | T2: 0 | U2: 0 | V2: 0 | W2: 0 | X2: 0 | Y2: 0
A3: B1_P_discharge | B3: 0 | C3: 60 | D3: 0 | E3: 0 | F3: 0 | G3: 0 | H3: 60 | I3: 0 | J3: 0 | K3: 0 | L3: 0 | M3: 60 | N3: 0 | O3: 0 | P3: 0 | Q3: 0 | R3: 0 | S3: 0 | T3: 0 | U3: 0 | V3: 19.5 | W3: 60 | X3: 0 | Y3: 60
A4: B1_SOC | B4: 75.5 | C4: 15.5 | D4: 35 | E4: 95 | F4: 155 | G4: 155 | H4: 95 | I4: 155 | J4: 155 | K4: 155 | L4: 155 | M4: 95 | N4: 155 | O4: 155 | P4: 155 | Q4: 155 | R4: 155 | S4: 155 | T4: 155 | U4: 155 | V4: 135.5 | W4: 75.5 | X4: 75.5 | Y4: 15.5
A5: B1_ChargeStatus | B5: 1 | C5: 0 | D5: 1 | E5: 1 | F5: 1 | G5: 0 | H5: 0 | I5: 1 | J5: 1 | K5: 1 | L5: 0 | M5: 0 | N5: 1 | O5: 0 | P5: 0 | Q5: 0 | R5: 0 | S5: 1 | T5: 0 | U5: 0 | V5: 0 | W5: 0 | X5: 0 | Y5: 0
A6: B1_DischargeStatus | B6: 0 | C6: 1 | D6: 0 | E6: 0 | F6: 0 | G6: 1 | H6: 1 | I6: 0 | J6: 0 | K6: 0 | L6: 1 | M6: 1 | N6: 0 | O6: 1 | P6: 1 | Q6: 1 | R6: 1 | S6: 0 | T6: 1 | U6: 1 | V6: 1 | W6: 1 | X6: 1 | Y6: 1
A7: B2_P_charge | B7: 20 | C7: 0 | D7: 0 | E7: 20 | F7: 20 | G7: 0 | H7: 0 | I7: 20 | J7: 20 | K7: 0 | L7: 0 | M7: 0 | N7: 20 | O7: 0 | P7: 0 | Q7: 0 | R7: 0 | S7: 0 | T7: 0 | U7: 0 | V7: 0 | W7: 0 | X7: 1.1699021 | Y7: 13.830098
A8: B2_P_discharge | B8: 0 | C8: 20 | D8: 15 | E8: 0 | F8: 0 | G8: 20 | H8: 20 | I8: 0 | J8: 0 | K8: 0 | L8: 13.669906 | M8: 6.3300935 | N8: 0 | O8: 0 | P8: 0 | Q8: 0 | R8: 20 | S8: 0 | T8: 0 | U8: 0 | V8: 0 | W8: 20 | X8: 0 | Y8: 0
A9: B2_SOC | B9: 45 | C9: 25 | D9: 10 | E9: 30 | F9: 50 | G9: 30 | H9: 10 | I9: 30 | J9: 50 | K9: 50 | L9: 36.330094 | M9: 30 | N9: 50 | O9: 50 | P9: 50 | Q9: 50 | R9: 30 | S9: 30 | T9: 30 | U9: 30 | V9: 30 | W9: 10 | X9: 11.169902 | Y9: 25
A10: B2_ChargeStatus | B10: 1 | C10: 0 | D10: 0 | E10: 1 | F10: 1 | G10: 0 | H10: 0 | I10: 1 | J10: 1 | K10: 0 | L10: 0 | M10: 0 | N10: 1 | O10: 0 | P10: 0 | Q10: 0 | R10: 0 | S10: 1 | T10: 1 | U10: 0 | V10: 0 | W10: 0 | X10: 1 | Y10: 1
A11: B2_DischargeStatus | B11: 0 | C11: 1 | D11: 1 | E11: 0 | F11: 0 | G11: 1 | H11: 1 | I11: 0 | J11: 0 | K11: 1 | L11: 1 | M11: 1 | N11: 0 | O11: 1 | P11: 1 | Q11: 1 | R11: 1 | S11: 0 | T11: 0 | U11: 1 | V11: 1 | W11: 1 | X11: 0 | Y11: 0
A14: Power | B14: =(B2+B7)-(B3+B8) -> 80 | C14: =(C2+C7)-(C3+C8) -> -80 | D14: =(D2+D7)-(D3+D8) -> 4.5 | E14: =(E2+E7)-(E3+E8) -> 80 | F14: =(F2+F7)-(F3+F8) -> 80 | G14: =(G2+G7)-(G3+G8) -> -20 | H14: =(H2+H7)-(H3+H8) -> -80 | I14: =(I2+I7)-(I3+I8) -> 80 | ... Y14: =(Y2+Y7)-(Y3+Y8) -> -46.169902
A15: SOC | B15: =B4+B9 -> 120.5 | C15: =C4+C9 -> 40.5 | D15: =D4+D9 -> 45 | E15: =E4+E9 -> 125 | F15: =F4+F9 -> 205 | G15: =G4+G9 -> 185 | H15: =H4+H9 -> 105 | I15: =I4+I9 -> 185 | ... Y15: =Y4+Y9 -> 40.5

Sheet Sheet5
A1: #5 | consInit + consUC + consMUTMDT + consBasicRamp + consSRContingency + consWorstCaseInertia
A2: Spinning - Reserve | AB2: Status Contingency (0, jika lepas) | BC2: Reserve
A3: Gen | C3: Hour | AB3: Gen | AD3: Hour | BC3: Spinning Reserve | BD3: Hour
C4: 1 | D4: 2 | E4: 3 | F4: 4 | G4: 5 | H4: 6 | I4: 7 | J4: 8 | K4: 9 | L4: 10 | M4: 11 | N4: 12 | O4: 13 | P4: 14 | Q4: 15 | R4: 16 | S4: 17 | T4: 18 | U4: 19 | V4: 20 | W4: 21 | X4: 22 | Y4: 23 | Z4: 24 | AD4: 1 | AE4: 2 | AF4: 3 | AG4: 4 | AH4: 5 | AI4: 6 | AJ4: 7 | AK4: 8 | AL4: 9 | AM4: 10 | AN4: 11 | AO4: 12 | AP4: 13 | AQ4: 14 | AR4: 15 | AS4: 16 | AT4: 17 | AU4: 18 | AV4: 19 | AW4: 20 | AX4: 21 | AY4: 22 | AZ4: 23 | BA4: 24 | BD4: 1 | BE4: 2 | BF4: 3 | BG4: 4 | BH4: 5 | BI4: 6 | BJ4: 7 | BK4: 8 | BL4: 9 | BM4: 10 | BN4: 11 | BO4: 12 | BP4: 13 | BQ4: 14 | BR4: 15 | BS4: 16 | BT4: 17 | BU4: 18 | BV4: 19 | BW4: 20 | BX4: 21 | BY4: 22 | BZ4: 23 | CA4: 24
A5: G 01 | B5: PLTU 1 | C5: =Sheet1!BQ79-Sheet1!CR79 -> 0 | D5: =Sheet1!BR79-Sheet1!CS79 -> 207 | E5: =Sheet1!BS79-Sheet1!CT79 -> 207 | F5: =Sheet1!BT79-Sheet1!CU79 -> 207 | G5: =Sheet1!BU79-Sheet1!CV79 -> 207 | H5: =Sheet1!BV79-Sheet1!CW79 -> 207 | I5: =Sheet1!BW79-Sheet1!CX79 -> 207 | J5: =Sheet1!BX79-Sheet1!CY79 -> 207 | ... Z5: =Sheet1!CN79-Sheet1!DO79 -> 207 | AB5: G 01 | AC5: PLTU 1 | AD5: =IF(Sheet1!AG79=MAX(Sheet1!AG$79:AG$88),0,1) -> 0 | AE5: =IF(Sheet1!AH79=MAX(Sheet1!AH$79:AH$88),0,1) -> 0 | AF5: =IF(Sheet1!AI79=MAX(Sheet1!AI$79:AI$88),0,1) -> 0 | AG5: =IF(Sheet1!AJ79=MAX(Sheet1!AJ$79:AJ$88),0,1) -> 0 | AH5: =IF(Sheet1!AK79=MAX(Sheet1!AK$79:AK$88),0,1) -> 0 | AI5: =IF(Sheet1!AL79=MAX(Sheet1!AL$79:AL$88),0,1) -> 0 | AJ5: =IF(Sheet1!AM79=MAX(Sheet1!AM$79:AM$88),0,1) -> 1 | AK5: =IF(Sheet1!AN79=MAX(Sheet1!AN$79:AN$88),0,1) -> 1 | ... BA5: =IF(Sheet1!BD79=MAX(Sheet1!BD$79:BD$88),0,1) -> 1 | BC5: Ploss | BD5: =MAX(Sheet1!AG79:AG88) -> 1056 | BE5: =MAX(Sheet1!AH79:AH88) -> 936 | BF5: =MAX(Sheet1!AI79:AI88) -> 816 | BG5: =MAX(Sheet1!AJ79:AJ88) -> 773.74135 | BH5: =MAX(Sheet1!AK79:AK88) -> 893.74135 | BI5: =MAX(Sheet1!AL79:AL88) -> 773.74135 | BJ5: =MAX(Sheet1!AM79:AM88) -> 870 | BK5: =MAX(Sheet1!AN79:AN88) -> 870 | ... CA5: =MAX(Sheet1!BD79:BD88) -> 902.90128
A6: G 02 | B6: PLTGU 1 | C6: =Sheet1!BQ80-Sheet1!CR80 -> 688.22274 | D6: =Sheet1!BR80-Sheet1!CS80 -> 590.44627 | E6: =Sheet1!BS80-Sheet1!CT80 -> 703.20348 | F6: =Sheet1!BT80-Sheet1!CU80 -> 703.20348 | G6: =Sheet1!BU80-Sheet1!CV80 -> 453.04417 | H6: =Sheet1!BV80-Sheet1!CW80 -> 703.20348 | I6: =Sheet1!BW80-Sheet1!CX80 -> 556.42754 | J6: =Sheet1!BX80-Sheet1!CY80 -> 604.79601 | ... Z6: =Sheet1!CN80-Sheet1!DO80 -> 156 | AB6: G 02 | AC6: PLTGU 1 | AD6: =IF(Sheet1!AG80=MAX(Sheet1!AG$79:AG$88),0,1) -> 1 | AE6: =IF(Sheet1!AH80=MAX(Sheet1!AH$79:AH$88),0,1) -> 1 | AF6: =IF(Sheet1!AI80=MAX(Sheet1!AI$79:AI$88),0,1) -> 1 | AG6: =IF(Sheet1!AJ80=MAX(Sheet1!AJ$79:AJ$88),0,1) -> 1 | AH6: =IF(Sheet1!AK80=MAX(Sheet1!AK$79:AK$88),0,1) -> 1 | AI6: =IF(Sheet1!AL80=MAX(Sheet1!AL$79:AL$88),0,1) -> 1 | AJ6: =IF(Sheet1!AM80=MAX(Sheet1!AM$79:AM$88),0,1) -> 1 | AK6: =IF(Sheet1!AN80=MAX(Sheet1!AN$79:AN$88),0,1) -> 1 | ... BA6: =IF(Sheet1!BD80=MAX(Sheet1!BD$79:BD$88),0,1) -> 0 | BC6: Spinning Total | BD6: =SUM(Sheet1!BQ79:BQ88) -> 3432.3232 | BE6: =SUM(Sheet1!BR79:BR88) -> 2711.8315 | BF6: =SUM(Sheet1!BS79:BS88) -> 2795.7982 | BG6: =SUM(Sheet1!BT79:BT88) -> 2875.6166 | BH6: =SUM(Sheet1!BU79:BU88) -> 2875.6166 | BI6: =SUM(Sheet1!BV79:BV88) -> 2673.479 | BJ6: =SUM(Sheet1!BW79:BW88) -> 2611.9396 | BK6: =SUM(Sheet1!BX79:BX88) -> 2660.3081 | ... CA6: =SUM(Sheet1!CN79:CN88) -> 1578.7435
A7: G 03 | B7: PLTU 2 | C7: =Sheet1!BQ81-Sheet1!CR81 -> 0 | D7: =Sheet1!BR81-Sheet1!CS81 -> 0 | E7: =Sheet1!BS81-Sheet1!CT81 -> 0 | F7: =Sheet1!BT81-Sheet1!CU81 -> 0 | G7: =Sheet1!BU81-Sheet1!CV81 -> 0 | H7: =Sheet1!BV81-Sheet1!CW81 -> 0 | I7: =Sheet1!BW81-Sheet1!CX81 -> 0 | J7: =Sheet1!BX81-Sheet1!CY81 -> 0 | ... Z7: =Sheet1!CN81-Sheet1!DO81 -> 0 | AB7: G 03 | AC7: PLTU 2 | AD7: =IF(Sheet1!AG81=MAX(Sheet1!AG$79:AG$88),0,1) -> 1 | AE7: =IF(Sheet1!AH81=MAX(Sheet1!AH$79:AH$88),0,1) -> 1 | AF7: =IF(Sheet1!AI81=MAX(Sheet1!AI$79:AI$88),0,1) -> 1 | AG7: =IF(Sheet1!AJ81=MAX(Sheet1!AJ$79:AJ$88),0,1) -> 1 | AH7: =IF(Sheet1!AK81=MAX(Sheet1!AK$79:AK$88),0,1) -> 1 | AI7: =IF(Sheet1!AL81=MAX(Sheet1!AL$79:AL$88),0,1) -> 0 | AJ7: =IF(Sheet1!AM81=MAX(Sheet1!AM$79:AM$88),0,1) -> 1 | AK7: =IF(Sheet1!AN81=MAX(Sheet1!AN$79:AN$88),0,1) -> 1 | ... BA7: =IF(Sheet1!BD81=MAX(Sheet1!BD$79:BD$88),0,1) -> 1 | BC7: Spinning Back Up | BD7: =SUMPRODUCT(Sheet1!BQ79:BQ88,Sheet5!AD5:AD14) -> 3312.3232 | BE7: =SUMPRODUCT(Sheet1!BR79:BR88,Sheet5!AE5:AE14) -> 2471.8315 | BF7: =SUMPRODUCT(Sheet1!BS79:BS88,Sheet5!AF5:AF14) -> 2435.7982 | BG7: =SUMPRODUCT(Sheet1!BT79:BT88,Sheet5!AG5:AG14) -> 2473.358 | BH7: =SUMPRODUCT(Sheet1!BU79:BU88,Sheet5!AH5:AH14) -> 2593.358 | BI7: =SUMPRODUCT(Sheet1!BV79:BV88,Sheet5!AI5:AI14) -> 1979.703 | BJ7: =SUMPRODUCT(Sheet1!BW79:BW88,Sheet5!AJ5:AJ14) -> 2611.9396 | BK7: =SUMPRODUCT(Sheet1!BX79:BX88,Sheet5!AK5:AK14) -> 2660.3081 | ... CA7: =SUMPRODUCT(Sheet1!CN79:CN88,Sheet5!BA5:BA14) -> 1356.6448
A8: G 04 | B8: PLTG 1 | C8: =Sheet1!BQ82-Sheet1!CR82 -> 0 | D8: =Sheet1!BR82-Sheet1!CS82 -> 0 | E8: =Sheet1!BS82-Sheet1!CT82 -> 0 | F8: =Sheet1!BT82-Sheet1!CU82 -> 0 | G8: =Sheet1!BU82-Sheet1!CV82 -> 0 | H8: =Sheet1!BV82-Sheet1!CW82 -> 0 | I8: =Sheet1!BW82-Sheet1!CX82 -> 0 | J8: =Sheet1!BX82-Sheet1!CY82 -> 0 | ... Z8: =Sheet1!CN82-Sheet1!DO82 -> 0 | AB8: G 04 | AC8: PLTG 1 | AD8: =IF(Sheet1!AG82=MAX(Sheet1!AG$79:AG$88),0,1) -> 1 | AE8: =IF(Sheet1!AH82=MAX(Sheet1!AH$79:AH$88),0,1) -> 1 | AF8: =IF(Sheet1!AI82=MAX(Sheet1!AI$79:AI$88),0,1) -> 1 | AG8: =IF(Sheet1!AJ82=MAX(Sheet1!AJ$79:AJ$88),0,1) -> 1 | AH8: =IF(Sheet1!AK82=MAX(Sheet1!AK$79:AK$88),0,1) -> 1 | AI8: =IF(Sheet1!AL82=MAX(Sheet1!AL$79:AL$88),0,1) -> 1 | AJ8: =IF(Sheet1!AM82=MAX(Sheet1!AM$79:AM$88),0,1) -> 1 | AK8: =IF(Sheet1!AN82=MAX(Sheet1!AN$79:AN$88),0,1) -> 1 | ... BA8: =IF(Sheet1!BD82=MAX(Sheet1!BD$79:BD$88),0,1) -> 1 | BC8: Primary Total | BD8: =SUM(Sheet1!CR79:CR88) -> 1176 | BE8: =SUM(Sheet1!CS79:CS88) -> 969 | BF8: =SUM(Sheet1!CT79:CT88) -> 969 | BG8: =SUM(Sheet1!CU79:CU88) -> 969 | BH8: =SUM(Sheet1!CV79:CV88) -> 969 | BI8: =SUM(Sheet1!CW79:CW88) -> 969 | BJ8: =SUM(Sheet1!CX79:CX88) -> 969 | BK8: =SUM(Sheet1!CY79:CY88) -> 969 | ... CA8: =SUM(Sheet1!DO79:DO88) -> 969
A9: G 05 | B9: PLTG 2 | C9: =Sheet1!BQ83-Sheet1!CR83 -> 0 | D9: =Sheet1!BR83-Sheet1!CS83 -> 0 | E9: =Sheet1!BS83-Sheet1!CT83 -> 0 | F9: =Sheet1!BT83-Sheet1!CU83 -> 0 | G9: =Sheet1!BU83-Sheet1!CV83 -> 0 | H9: =Sheet1!BV83-Sheet1!CW83 -> 0 | I9: =Sheet1!BW83-Sheet1!CX83 -> 0 | J9: =Sheet1!BX83-Sheet1!CY83 -> 0 | ... Z9: =Sheet1!CN83-Sheet1!DO83 -> 0 | AB9: G 05 | AC9: PLTG 2 | AD9: =IF(Sheet1!AG83=MAX(Sheet1!AG$79:AG$88),0,1) -> 1 | AE9: =IF(Sheet1!AH83=MAX(Sheet1!AH$79:AH$88),0,1) -> 1 | AF9: =IF(Sheet1!AI83=MAX(Sheet1!AI$79:AI$88),0,1) -> 1 | AG9: =IF(Sheet1!AJ83=MAX(Sheet1!AJ$79:AJ$88),0,1) -> 1 | AH9: =IF(Sheet1!AK83=MAX(Sheet1!AK$79:AK$88),0,1) -> 1 | AI9: =IF(Sheet1!AL83=MAX(Sheet1!AL$79:AL$88),0,1) -> 1 | AJ9: =IF(Sheet1!AM83=MAX(Sheet1!AM$79:AM$88),0,1) -> 1 | AK9: =IF(Sheet1!AN83=MAX(Sheet1!AN$79:AN$88),0,1) -> 1 | ... BA9: =IF(Sheet1!BD83=MAX(Sheet1!BD$79:BD$88),0,1) -> 1 | BC9: Primary Back Up | BD9: =SUMPRODUCT(Sheet1!CR79:CR88,Sheet5!AD5:AD14) -> 1056 | BE9: =SUMPRODUCT(Sheet1!CS79:CS88,Sheet5!AE5:AE14) -> 936 | BF9: =SUMPRODUCT(Sheet1!CT79:CT88,Sheet5!AF5:AF14) -> 816 | BG9: =SUMPRODUCT(Sheet1!CU79:CU88,Sheet5!AG5:AG14) -> 773.74135 | BH9: =SUMPRODUCT(Sheet1!CV79:CV88,Sheet5!AH5:AH14) -> 893.74135 | BI9: =SUMPRODUCT(Sheet1!CW79:CW88,Sheet5!AI5:AI14) -> 482.22406 | BJ9: =SUMPRODUCT(Sheet1!CX79:CX88,Sheet5!AJ5:AJ14) -> 969 | BK9: =SUMPRODUCT(Sheet1!CY79:CY88,Sheet5!AK5:AK14) -> 969 | ... CA9: =SUMPRODUCT(Sheet1!DO79:DO88,Sheet5!BA5:BA14) -> 902.90128
A10: G 06 | B10: PLTGU 2 | C10: =Sheet1!BQ84-Sheet1!CR84 -> 742.08053 | D10: =Sheet1!BR84-Sheet1!CS84 -> 756.82488 | E10: =Sheet1!BS84-Sheet1!CT84 -> 458.01206 | F10: =Sheet1!BT84-Sheet1!CU84 -> 758.01206 | G10: =Sheet1!BU84-Sheet1!CV84 -> 758.01206 | H10: =Sheet1!BV84-Sheet1!CW84 -> 605.7151 | I10: =Sheet1!BW84-Sheet1!CX84 -> 426 | J10: =Sheet1!BX84-Sheet1!CY84 -> 726 | ... Z10: =Sheet1!CN84-Sheet1!DO84 -> 246.7435 | AB10: G 06 | AC10: PLTGU 2 | AD10: =IF(Sheet1!AG84=MAX(Sheet1!AG$79:AG$88),0,1) -> 1 | AE10: =IF(Sheet1!AH84=MAX(Sheet1!AH$79:AH$88),0,1) -> 1 | AF10: =IF(Sheet1!AI84=MAX(Sheet1!AI$79:AI$88),0,1) -> 1 | AG10: =IF(Sheet1!AJ84=MAX(Sheet1!AJ$79:AJ$88),0,1) -> 1 | AH10: =IF(Sheet1!AK84=MAX(Sheet1!AK$79:AK$88),0,1) -> 1 | AI10: =IF(Sheet1!AL84=MAX(Sheet1!AL$79:AL$88),0,1) -> 1 | AJ10: =IF(Sheet1!AM84=MAX(Sheet1!AM$79:AM$88),0,1) -> 1 | AK10: =IF(Sheet1!AN84=MAX(Sheet1!AN$79:AN$88),0,1) -> 1 | ... BA10: =IF(Sheet1!BD84=MAX(Sheet1!BD$79:BD$88),0,1) -> 1
A11: G 07 | B11: PLTGU 3 | C11: =Sheet1!BQ85-Sheet1!CR85 -> 485.36274 | D11: =Sheet1!BR85-Sheet1!CS85 -> 188.5604 | E11: =Sheet1!BS85-Sheet1!CT85 -> 458.58267 | F11: =Sheet1!BT85-Sheet1!CU85 -> 238.40109 | G11: =Sheet1!BU85-Sheet1!CV85 -> 488.5604 | H11: =Sheet1!BV85-Sheet1!CW85 -> 188.5604 | I11: =Sheet1!BW85-Sheet1!CX85 -> 453.51205 | J11: =Sheet1!BX85-Sheet1!CY85 -> 153.51205 | ... Z11: =Sheet1!CN85-Sheet1!DO85 -> 0 | AB11: G 07 | AC11: PLTGU 3 | AD11: =IF(Sheet1!AG85=MAX(Sheet1!AG$79:AG$88),0,1) -> 1 | AE11: =IF(Sheet1!AH85=MAX(Sheet1!AH$79:AH$88),0,1) -> 1 | AF11: =IF(Sheet1!AI85=MAX(Sheet1!AI$79:AI$88),0,1) -> 1 | AG11: =IF(Sheet1!AJ85=MAX(Sheet1!AJ$79:AJ$88),0,1) -> 1 | AH11: =IF(Sheet1!AK85=MAX(Sheet1!AK$79:AK$88),0,1) -> 1 | AI11: =IF(Sheet1!AL85=MAX(Sheet1!AL$79:AL$88),0,1) -> 1 | AJ11: =IF(Sheet1!AM85=MAX(Sheet1!AM$79:AM$88),0,1) -> 1 | AK11: =IF(Sheet1!AN85=MAX(Sheet1!AN$79:AN$88),0,1) -> 1 | ... BA11: =IF(Sheet1!BD85=MAX(Sheet1!BD$79:BD$88),0,1) -> 1
A12: G 08 | B12: PLTGU 4 | C12: =Sheet1!BQ86-Sheet1!CR86 -> 340.65716 | D12: =Sheet1!BR86-Sheet1!CS86 -> 0 | E12: =Sheet1!BS86-Sheet1!CT86 -> 0 | F12: =Sheet1!BT86-Sheet1!CU86 -> 0 | G12: =Sheet1!BU86-Sheet1!CV86 -> 0 | H12: =Sheet1!BV86-Sheet1!CW86 -> 0 | I12: =Sheet1!BW86-Sheet1!CX86 -> 0 | J12: =Sheet1!BX86-Sheet1!CY86 -> 0 | ... Z12: =Sheet1!CN86-Sheet1!DO86 -> 0 | AB12: G 08 | AC12: PLTGU 4 | AD12: =IF(Sheet1!AG86=MAX(Sheet1!AG$79:AG$88),0,1) -> 1 | AE12: =IF(Sheet1!AH86=MAX(Sheet1!AH$79:AH$88),0,1) -> 1 | AF12: =IF(Sheet1!AI86=MAX(Sheet1!AI$79:AI$88),0,1) -> 1 | AG12: =IF(Sheet1!AJ86=MAX(Sheet1!AJ$79:AJ$88),0,1) -> 1 | AH12: =IF(Sheet1!AK86=MAX(Sheet1!AK$79:AK$88),0,1) -> 1 | AI12: =IF(Sheet1!AL86=MAX(Sheet1!AL$79:AL$88),0,1) -> 1 | AJ12: =IF(Sheet1!AM86=MAX(Sheet1!AM$79:AM$88),0,1) -> 1 | AK12: =IF(Sheet1!AN86=MAX(Sheet1!AN$79:AN$88),0,1) -> 1 | ... BA12: =IF(Sheet1!BD86=MAX(Sheet1!BD$79:BD$88),0,1) -> 1
A13: G 09 | B13: PLTU 3 | C13: =Sheet1!BQ87-Sheet1!CR87 -> 0 | D13: =Sheet1!BR87-Sheet1!CS87 -> 0 | E13: =Sheet1!BS87-Sheet1!CT87 -> 0 | F13: =Sheet1!BT87-Sheet1!CU87 -> 0 | G13: =Sheet1!BU87-Sheet1!CV87 -> 0 | H13: =Sheet1!BV87-Sheet1!CW87 -> 0 | I13: =Sheet1!BW87-Sheet1!CX87 -> 0 | J13: =Sheet1!BX87-Sheet1!CY87 -> 0 | ... Z13: =Sheet1!CN87-Sheet1!DO87 -> 0 | AB13: G 09 | AC13: PLTU 3 | AD13: =IF(Sheet1!AG87=MAX(Sheet1!AG$79:AG$88),0,1) -> 1 | AE13: =IF(Sheet1!AH87=MAX(Sheet1!AH$79:AH$88),0,1) -> 1 | AF13: =IF(Sheet1!AI87=MAX(Sheet1!AI$79:AI$88),0,1) -> 1 | AG13: =IF(Sheet1!AJ87=MAX(Sheet1!AJ$79:AJ$88),0,1) -> 1 | AH13: =IF(Sheet1!AK87=MAX(Sheet1!AK$79:AK$88),0,1) -> 1 | AI13: =IF(Sheet1!AL87=MAX(Sheet1!AL$79:AL$88),0,1) -> 0 | AJ13: =IF(Sheet1!AM87=MAX(Sheet1!AM$79:AM$88),0,1) -> 0 | AK13: =IF(Sheet1!AN87=MAX(Sheet1!AN$79:AN$88),0,1) -> 0 | ... BA13: =IF(Sheet1!BD87=MAX(Sheet1!BD$79:BD$88),0,1) -> 1
A14: G 10 | B14: PLTU 4 | C14: =Sheet1!BQ88-Sheet1!CR88 -> 0 | D14: =Sheet1!BR88-Sheet1!CS88 -> 0 | E14: =Sheet1!BS88-Sheet1!CT88 -> 0 | F14: =Sheet1!BT88-Sheet1!CU88 -> 0 | G14: =Sheet1!BU88-Sheet1!CV88 -> 0 | H14: =Sheet1!BV88-Sheet1!CW88 -> 0 | I14: =Sheet1!BW88-Sheet1!CX88 -> 0 | J14: =Sheet1!BX88-Sheet1!CY88 -> 0 | ... Z14: =Sheet1!CN88-Sheet1!DO88 -> 0 | AB14: G 10 | AC14: PLTU 4 | AD14: =IF(Sheet1!AG88=MAX(Sheet1!AG$79:AG$88),0,1) -> 1 | AE14: =IF(Sheet1!AH88=MAX(Sheet1!AH$79:AH$88),0,1) -> 1 | AF14: =IF(Sheet1!AI88=MAX(Sheet1!AI$79:AI$88),0,1) -> 1 | AG14: =IF(Sheet1!AJ88=MAX(Sheet1!AJ$79:AJ$88),0,1) -> 1 | AH14: =IF(Sheet1!AK88=MAX(Sheet1!AK$79:AK$88),0,1) -> 1 | AI14: =IF(Sheet1!AL88=MAX(Sheet1!AL$79:AL$88),0,1) -> 1 | AJ14: =IF(Sheet1!AM88=MAX(Sheet1!AM$79:AM$88),0,1) -> 1 | AK14: =IF(Sheet1!AN88=MAX(Sheet1!AN$79:AN$88),0,1) -> 1 | ... BA14: =IF(Sheet1!BD88=MAX(Sheet1!BD$79:BD$88),0,1) -> 1
A18: #6 | consInit + consUC + consMUTMDT + consBasicRamp + consSRContingency + consSteadyPrimFreq
A19: Spinning - Reserve | AB19: Status Contingency (0, jika lepas) | BC19: Reserve
A20: Gen | C20: Hour | AB20: Gen | AD20: Hour | BC20: Spinning Reserve | BD20: Hour
C21: 1 | D21: 2 | E21: 3 | F21: 4 | G21: 5 | H21: 6 | I21: 7 | J21: 8 | K21: 9 | L21: 10 | M21: 11 | N21: 12 | O21: 13 | P21: 14 | Q21: 15 | R21: 16 | S21: 17 | T21: 18 | U21: 19 | V21: 20 | W21: 21 | X21: 22 | Y21: 23 | Z21: 24 | AD21: 1 | AE21: 2 | AF21: 3 | AG21: 4 | AH21: 5 | AI21: 6 | AJ21: 7 | AK21: 8 | AL21: 9 | AM21: 10 | AN21: 11 | AO21: 12 | AP21: 13 | AQ21: 14 | AR21: 15 | AS21: 16 | AT21: 17 | AU21: 18 | AV21: 19 | AW21: 20 | AX21: 21 | AY21: 22 | AZ21: 23 | BA21: 24 | BD21: 1 | BE21: 2 | BF21: 3 | BG21: 4 | BH21: 5 | BI21: 6 | BJ21: 7 | BK21: 8 | BL21: 9 | BM21: 10 | BN21: 11 | BO21: 12 | BP21: 13 | BQ21: 14 | BR21: 15 | BS21: 16 | BT21: 17 | BU21: 18 | BV21: 19 | BW21: 20 | BX21: 21 | BY21: 22 | BZ21: 23 | CA21: 24
A22: G 01 | B22: PLTU 1 | C22: =Sheet1!BQ97-Sheet1!CR97 -> 0 | D22: =Sheet1!BR97-Sheet1!CS97 -> 0 | E22: =Sheet1!BS97-Sheet1!CT97 -> 0 | F22: =Sheet1!BT97-Sheet1!CU97 -> 0 | G22: =Sheet1!BU97-Sheet1!CV97 -> -2.2737368e-13 | H22: =Sheet1!BV97-Sheet1!CW97 -> 0 | I22: =Sheet1!BW97-Sheet1!CX97 -> -1.7053026e-13 | J22: =Sheet1!BX97-Sheet1!CY97 -> -1.3500312e-13 | ... Z22: =Sheet1!CN97-Sheet1!DO97 -> 0 | AB22: G 01 | AC22: PLTU 1 | AD22: =IF(Sheet1!AG97=MAX(Sheet1!AG$97:AG$106),0,1) -> 0 | AE22: =IF(Sheet1!AH97=MAX(Sheet1!AH$97:AH$106),0,1) -> 0 | AF22: =IF(Sheet1!AI97=MAX(Sheet1!AI$97:AI$106),0,1) -> 0 | AG22: =IF(Sheet1!AJ97=MAX(Sheet1!AJ$97:AJ$106),0,1) -> 0 | AH22: =IF(Sheet1!AK97=MAX(Sheet1!AK$97:AK$106),0,1) -> 0 | AI22: =IF(Sheet1!AL97=MAX(Sheet1!AL$97:AL$106),0,1) -> 0 | AJ22: =IF(Sheet1!AM97=MAX(Sheet1!AM$97:AM$106),0,1) -> 0 | AK22: =IF(Sheet1!AN97=MAX(Sheet1!AN$97:AN$106),0,1) -> 0 | ... BA22: =IF(Sheet1!BD97=MAX(Sheet1!BD$97:BD$106),0,1) -> 0 | BC22: Ploss | BD22: =MAX(Sheet1!AG97:AG106) -> 1141.8 | BE22: =MAX(Sheet1!AH97:AH106) -> 1060.8 | BF22: =MAX(Sheet1!AI97:AI106) -> 940.8 | BG22: =MAX(Sheet1!AJ97:AJ106) -> 1060.8 | BH22: =MAX(Sheet1!AK97:AK106) -> 946.0788 | BI22: =MAX(Sheet1!AL97:AL106) -> 967.8 | BJ22: =MAX(Sheet1!AM97:AM106) -> 1087.8 | BK22: =MAX(Sheet1!AN97:AN106) -> 1141.8 | ... CA22: =MAX(Sheet1!BD97:BD106) -> 967.8
A23: G 02 | B23: PLTGU 1 | C23: =Sheet1!BQ98-Sheet1!CR98 -> 560 | D23: =Sheet1!BR98-Sheet1!CS98 -> 509.83155 | E23: =Sheet1!BS98-Sheet1!CT98 -> 560 | F23: =Sheet1!BT98-Sheet1!CU98 -> 560 | G23: =Sheet1!BU98-Sheet1!CV98 -> 565.04988 | H23: =Sheet1!BV98-Sheet1!CW98 -> 560 | I23: =Sheet1!BW98-Sheet1!CX98 -> 560 | J23: =Sheet1!BX98-Sheet1!CY98 -> 560 | ... Z23: =Sheet1!CN98-Sheet1!DO98 -> 560 | AB23: G 02 | AC23: PLTGU 1 | AD23: =IF(Sheet1!AG98=MAX(Sheet1!AG$97:AG$106),0,1) -> 1 | AE23: =IF(Sheet1!AH98=MAX(Sheet1!AH$97:AH$106),0,1) -> 1 | AF23: =IF(Sheet1!AI98=MAX(Sheet1!AI$97:AI$106),0,1) -> 1 | AG23: =IF(Sheet1!AJ98=MAX(Sheet1!AJ$97:AJ$106),0,1) -> 1 | AH23: =IF(Sheet1!AK98=MAX(Sheet1!AK$97:AK$106),0,1) -> 1 | AI23: =IF(Sheet1!AL98=MAX(Sheet1!AL$97:AL$106),0,1) -> 1 | AJ23: =IF(Sheet1!AM98=MAX(Sheet1!AM$97:AM$106),0,1) -> 1 | AK23: =IF(Sheet1!AN98=MAX(Sheet1!AN$97:AN$106),0,1) -> 1 | ... BA23: =IF(Sheet1!BD98=MAX(Sheet1!BD$97:BD$106),0,1) -> 1 | BC23: Spinning Total | BD23: =SUM(Sheet1!BQ97:BQ106) -> 2659.3232 | BE23: =SUM(Sheet1!BR97:BR106) -> 2711.8315 | BF23: =SUM(Sheet1!BS97:BS106) -> 2795.7982 | BG23: =SUM(Sheet1!BT97:BT106) -> 2875.6166 | BH23: =SUM(Sheet1!BU97:BU106) -> 2875.6166 | BI23: =SUM(Sheet1!BV97:BV106) -> 2673.479 | BJ23: =SUM(Sheet1!BW97:BW106) -> 2611.9396 | BK23: =SUM(Sheet1!BX97:BX106) -> 2660.3081 | ... CA23: =SUM(Sheet1!CN97:CN106) -> 2388.7435
A24: G 03 | B24: PLTU 2 | C24: =Sheet1!BQ99-Sheet1!CR99 -> 55.2 | D24: =Sheet1!BR99-Sheet1!CS99 -> 0 | E24: =Sheet1!BS99-Sheet1!CT99 -> 0 | F24: =Sheet1!BT99-Sheet1!CU99 -> 113.61663 | G24: =Sheet1!BU99-Sheet1!CV99 -> 24.245058 | H24: =Sheet1!BV99-Sheet1!CW99 -> 0 | I24: =Sheet1!BW99-Sheet1!CX99 -> 0 | J24: =Sheet1!BX99-Sheet1!CY99 -> 0 | ... Z24: =Sheet1!CN99-Sheet1!DO99 -> 0 | AB24: G 03 | AC24: PLTU 2 | AD24: =IF(Sheet1!AG99=MAX(Sheet1!AG$97:AG$106),0,1) -> 1 | AE24: =IF(Sheet1!AH99=MAX(Sheet1!AH$97:AH$106),0,1) -> 1 | AF24: =IF(Sheet1!AI99=MAX(Sheet1!AI$97:AI$106),0,1) -> 1 | AG24: =IF(Sheet1!AJ99=MAX(Sheet1!AJ$97:AJ$106),0,1) -> 1 | AH24: =IF(Sheet1!AK99=MAX(Sheet1!AK$97:AK$106),0,1) -> 1 | AI24: =IF(Sheet1!AL99=MAX(Sheet1!AL$97:AL$106),0,1) -> 1 | AJ24: =IF(Sheet1!AM99=MAX(Sheet1!AM$97:AM$106),0,1) -> 1 | AK24: =IF(Sheet1!AN99=MAX(Sheet1!AN$97:AN$106),0,1) -> 1 | ... BA24: =IF(Sheet1!BD99=MAX(Sheet1!BD$97:BD$106),0,1) -> 1 | BC24: Spinning Back Up | BD24: =SUMPRODUCT(Sheet1!BQ97:BQ106,Sheet5!AD22:AD31) -> 2625.1232 | BE24: =SUMPRODUCT(Sheet1!BR97:BR106,Sheet5!AE22:AE31) -> 2596.6315 | BF24: =SUMPRODUCT(Sheet1!BS97:BS106,Sheet5!AF22:AF31) -> 2560.5982 | BG24: =SUMPRODUCT(Sheet1!BT97:BT106,Sheet5!AG22:AG31) -> 2760.4166 | BH24: =SUMPRODUCT(Sheet1!BU97:BU106,Sheet5!AH22:AH31) -> 2645.6954 | BI24: =SUMPRODUCT(Sheet1!BV97:BV106,Sheet5!AI22:AI31) -> 2465.279 | BJ24: =SUMPRODUCT(Sheet1!BW97:BW106,Sheet5!AJ22:AJ31) -> 2523.7396 | BK24: =SUMPRODUCT(Sheet1!BX97:BX106,Sheet5!AK22:AK31) -> 2626.1081 | ... CA24: =SUMPRODUCT(Sheet1!CN97:CN106,Sheet5!BA22:BA31) -> 2180.5435
A25: G 04 | B25: PLTG 1 | C25: =Sheet1!BQ100-Sheet1!CR100 -> 0 | D25: =Sheet1!BR100-Sheet1!CS100 -> 0 | E25: =Sheet1!BS100-Sheet1!CT100 -> 0 | F25: =Sheet1!BT100-Sheet1!CU100 -> 0 | G25: =Sheet1!BU100-Sheet1!CV100 -> 0 | H25: =Sheet1!BV100-Sheet1!CW100 -> 0 | I25: =Sheet1!BW100-Sheet1!CX100 -> 0 | J25: =Sheet1!BX100-Sheet1!CY100 -> 0 | ... Z25: =Sheet1!CN100-Sheet1!DO100 -> 0 | AB25: G 04 | AC25: PLTG 1 | AD25: =IF(Sheet1!AG100=MAX(Sheet1!AG$97:AG$106),0,1) -> 1 | AE25: =IF(Sheet1!AH100=MAX(Sheet1!AH$97:AH$106),0,1) -> 1 | AF25: =IF(Sheet1!AI100=MAX(Sheet1!AI$97:AI$106),0,1) -> 1 | AG25: =IF(Sheet1!AJ100=MAX(Sheet1!AJ$97:AJ$106),0,1) -> 1 | AH25: =IF(Sheet1!AK100=MAX(Sheet1!AK$97:AK$106),0,1) -> 1 | AI25: =IF(Sheet1!AL100=MAX(Sheet1!AL$97:AL$106),0,1) -> 1 | AJ25: =IF(Sheet1!AM100=MAX(Sheet1!AM$97:AM$106),0,1) -> 1 | AK25: =IF(Sheet1!AN100=MAX(Sheet1!AN$97:AN$106),0,1) -> 1 | ... BA25: =IF(Sheet1!BD100=MAX(Sheet1!BD$97:BD$106),0,1) -> 1 | BC25: Primary Total | BD25: =SUM(Sheet1!CR97:CR106) -> 1176 | BE25: =SUM(Sheet1!CS97:CS106) -> 1176 | BF25: =SUM(Sheet1!CT97:CT106) -> 1209.7982 | BG25: =SUM(Sheet1!CU97:CU106) -> 1176 | BH25: =SUM(Sheet1!CV97:CV106) -> 1176 | BI25: =SUM(Sheet1!CW97:CW106) -> 1176 | BJ25: =SUM(Sheet1!CX97:CX106) -> 1176 | BK25: =SUM(Sheet1!CY97:CY106) -> 1176 | ... CA25: =SUM(Sheet1!DO97:DO106) -> 1176
A26: G 05 | B26: PLTG 2 | C26: =Sheet1!BQ101-Sheet1!CR101 -> 0 | D26: =Sheet1!BR101-Sheet1!CS101 -> 0 | E26: =Sheet1!BS101-Sheet1!CT101 -> 0 | F26: =Sheet1!BT101-Sheet1!CU101 -> 0 | G26: =Sheet1!BU101-Sheet1!CV101 -> 0 | H26: =Sheet1!BV101-Sheet1!CW101 -> 0 | I26: =Sheet1!BW101-Sheet1!CX101 -> 0 | J26: =Sheet1!BX101-Sheet1!CY101 -> 0 | ... Z26: =Sheet1!CN101-Sheet1!DO101 -> 0 | AB26: G 05 | AC26: PLTG 2 | AD26: =IF(Sheet1!AG101=MAX(Sheet1!AG$97:AG$106),0,1) -> 1 | AE26: =IF(Sheet1!AH101=MAX(Sheet1!AH$97:AH$106),0,1) -> 1 | AF26: =IF(Sheet1!AI101=MAX(Sheet1!AI$97:AI$106),0,1) -> 1 | AG26: =IF(Sheet1!AJ101=MAX(Sheet1!AJ$97:AJ$106),0,1) -> 1 | AH26: =IF(Sheet1!AK101=MAX(Sheet1!AK$97:AK$106),0,1) -> 1 | AI26: =IF(Sheet1!AL101=MAX(Sheet1!AL$97:AL$106),0,1) -> 1 | AJ26: =IF(Sheet1!AM101=MAX(Sheet1!AM$97:AM$106),0,1) -> 1 | AK26: =IF(Sheet1!AN101=MAX(Sheet1!AN$97:AN$106),0,1) -> 1 | ... BA26: =IF(Sheet1!BD101=MAX(Sheet1!BD$97:BD$106),0,1) -> 1 | BC26: Primary Back Up | BD26: =SUMPRODUCT(Sheet1!CR97:CR106,Sheet5!AD22:AD31) -> 1141.8 | BE26: =SUMPRODUCT(Sheet1!CS97:CS106,Sheet5!AE22:AE31) -> 1060.8 | BF26: =SUMPRODUCT(Sheet1!CT97:CT106,Sheet5!AF22:AF31) -> 974.59821 | BG26: =SUMPRODUCT(Sheet1!CU97:CU106,Sheet5!AG22:AG31) -> 1060.8 | BH26: =SUMPRODUCT(Sheet1!CV97:CV106,Sheet5!AH22:AH31) -> 946.0788 | BI26: =SUMPRODUCT(Sheet1!CW97:CW106,Sheet5!AI22:AI31) -> 967.8 | BJ26: =SUMPRODUCT(Sheet1!CX97:CX106,Sheet5!AJ22:AJ31) -> 1087.8 | BK26: =SUMPRODUCT(Sheet1!CY97:CY106,Sheet5!AK22:AK31) -> 1141.8 | ... CA26: =SUMPRODUCT(Sheet1!DO97:DO106,Sheet5!BA22:BA31) -> 967.8
A27: G 06 | B27: PLTGU 2 | C27: =Sheet1!BQ102-Sheet1!CR102 -> 432.12317 | D27: =Sheet1!BR102-Sheet1!CS102 -> 626 | E27: =Sheet1!BS102-Sheet1!CT102 -> 626 | F27: =Sheet1!BT102-Sheet1!CU102 -> 626 | G27: =Sheet1!BU102-Sheet1!CV102 -> 630.91521 | H27: =Sheet1!BV102-Sheet1!CW102 -> 537.47898 | I27: =Sheet1!BW102-Sheet1!CX102 -> 475.93959 | J27: =Sheet1!BX102-Sheet1!CY102 -> 524.30806 | ... Z27: =Sheet1!CN102-Sheet1!DO102 -> 626 | AB27: G 06 | AC27: PLTGU 2 | AD27: =IF(Sheet1!AG102=MAX(Sheet1!AG$97:AG$106),0,1) -> 1 | AE27: =IF(Sheet1!AH102=MAX(Sheet1!AH$97:AH$106),0,1) -> 1 | AF27: =IF(Sheet1!AI102=MAX(Sheet1!AI$97:AI$106),0,1) -> 1 | AG27: =IF(Sheet1!AJ102=MAX(Sheet1!AJ$97:AJ$106),0,1) -> 1 | AH27: =IF(Sheet1!AK102=MAX(Sheet1!AK$97:AK$106),0,1) -> 1 | AI27: =IF(Sheet1!AL102=MAX(Sheet1!AL$97:AL$106),0,1) -> 1 | AJ27: =IF(Sheet1!AM102=MAX(Sheet1!AM$97:AM$106),0,1) -> 1 | AK27: =IF(Sheet1!AN102=MAX(Sheet1!AN$97:AN$106),0,1) -> 1 | ... BA27: =IF(Sheet1!BD102=MAX(Sheet1!BD$97:BD$106),0,1) -> 1
A28: G 07 | B28: PLTGU 3 | C28: =Sheet1!BQ103-Sheet1!CR103 -> 400 | D28: =Sheet1!BR103-Sheet1!CS103 -> 400 | E28: =Sheet1!BS103-Sheet1!CT103 -> 400 | F28: =Sheet1!BT103-Sheet1!CU103 -> 400 | G28: =Sheet1!BU103-Sheet1!CV103 -> 403.63591 | H28: =Sheet1!BV103-Sheet1!CW103 -> 400 | I28: =Sheet1!BW103-Sheet1!CX103 -> 400 | J28: =Sheet1!BX103-Sheet1!CY103 -> 400 | ... Z28: =Sheet1!CN103-Sheet1!DO103 -> 26.743498 | AB28: G 07 | AC28: PLTGU 3 | AD28: =IF(Sheet1!AG103=MAX(Sheet1!AG$97:AG$106),0,1) -> 1 | AE28: =IF(Sheet1!AH103=MAX(Sheet1!AH$97:AH$106),0,1) -> 1 | AF28: =IF(Sheet1!AI103=MAX(Sheet1!AI$97:AI$106),0,1) -> 1 | AG28: =IF(Sheet1!AJ103=MAX(Sheet1!AJ$97:AJ$106),0,1) -> 1 | AH28: =IF(Sheet1!AK103=MAX(Sheet1!AK$97:AK$106),0,1) -> 1 | AI28: =IF(Sheet1!AL103=MAX(Sheet1!AL$97:AL$106),0,1) -> 1 | AJ28: =IF(Sheet1!AM103=MAX(Sheet1!AM$97:AM$106),0,1) -> 1 | AK28: =IF(Sheet1!AN103=MAX(Sheet1!AN$97:AN$106),0,1) -> 1 | ... BA28: =IF(Sheet1!BD103=MAX(Sheet1!BD$97:BD$106),0,1) -> 1
A29: G 08 | B29: PLTGU 4 | C29: =Sheet1!BQ104-Sheet1!CR104 -> 0 | D29: =Sheet1!BR104-Sheet1!CS104 -> 0 | E29: =Sheet1!BS104-Sheet1!CT104 -> 0 | F29: =Sheet1!BT104-Sheet1!CU104 -> 0 | G29: =Sheet1!BU104-Sheet1!CV104 -> 0 | H29: =Sheet1!BV104-Sheet1!CW104 -> 0 | I29: =Sheet1!BW104-Sheet1!CX104 -> 0 | J29: =Sheet1!BX104-Sheet1!CY104 -> 0 | ... Z29: =Sheet1!CN104-Sheet1!DO104 -> 0 | AB29: G 08 | AC29: PLTGU 4 | AD29: =IF(Sheet1!AG104=MAX(Sheet1!AG$97:AG$106),0,1) -> 1 | AE29: =IF(Sheet1!AH104=MAX(Sheet1!AH$97:AH$106),0,1) -> 1 | AF29: =IF(Sheet1!AI104=MAX(Sheet1!AI$97:AI$106),0,1) -> 1 | AG29: =IF(Sheet1!AJ104=MAX(Sheet1!AJ$97:AJ$106),0,1) -> 1 | AH29: =IF(Sheet1!AK104=MAX(Sheet1!AK$97:AK$106),0,1) -> 1 | AI29: =IF(Sheet1!AL104=MAX(Sheet1!AL$97:AL$106),0,1) -> 1 | AJ29: =IF(Sheet1!AM104=MAX(Sheet1!AM$97:AM$106),0,1) -> 1 | AK29: =IF(Sheet1!AN104=MAX(Sheet1!AN$97:AN$106),0,1) -> 1 | ... BA29: =IF(Sheet1!BD104=MAX(Sheet1!BD$97:BD$106),0,1) -> 1
A30: G 09 | B30: PLTU 3 | C30: =Sheet1!BQ105-Sheet1!CR105 -> 36 | D30: =Sheet1!BR105-Sheet1!CS105 -> 0 | E30: =Sheet1!BS105-Sheet1!CT105 -> 0 | F30: =Sheet1!BT105-Sheet1!CU105 -> 0 | G30: =Sheet1!BU105-Sheet1!CV105 -> 0 | H30: =Sheet1!BV105-Sheet1!CW105 -> 0 | I30: =Sheet1!BW105-Sheet1!CX105 -> 0 | J30: =Sheet1!BX105-Sheet1!CY105 -> 0 | ... Z30: =Sheet1!CN105-Sheet1!DO105 -> 0 | AB30: G 09 | AC30: PLTU 3 | AD30: =IF(Sheet1!AG105=MAX(Sheet1!AG$97:AG$106),0,1) -> 1 | AE30: =IF(Sheet1!AH105=MAX(Sheet1!AH$97:AH$106),0,1) -> 1 | AF30: =IF(Sheet1!AI105=MAX(Sheet1!AI$97:AI$106),0,1) -> 1 | AG30: =IF(Sheet1!AJ105=MAX(Sheet1!AJ$97:AJ$106),0,1) -> 1 | AH30: =IF(Sheet1!AK105=MAX(Sheet1!AK$97:AK$106),0,1) -> 1 | AI30: =IF(Sheet1!AL105=MAX(Sheet1!AL$97:AL$106),0,1) -> 1 | AJ30: =IF(Sheet1!AM105=MAX(Sheet1!AM$97:AM$106),0,1) -> 1 | AK30: =IF(Sheet1!AN105=MAX(Sheet1!AN$97:AN$106),0,1) -> 1 | ... BA30: =IF(Sheet1!BD105=MAX(Sheet1!BD$97:BD$106),0,1) -> 1
A31: G 10 | B31: PLTU 4 | C31: =Sheet1!BQ106-Sheet1!CR106 -> 0 | D31: =Sheet1!BR106-Sheet1!CS106 -> 0 | E31: =Sheet1!BS106-Sheet1!CT106 -> 0 | F31: =Sheet1!BT106-Sheet1!CU106 -> 0 | G31: =Sheet1!BU106-Sheet1!CV106 -> 75.770574 | H31: =Sheet1!BV106-Sheet1!CW106 -> 0 | I31: =Sheet1!BW106-Sheet1!CX106 -> 0 | J31: =Sheet1!BX106-Sheet1!CY106 -> 0 | ... Z31: =Sheet1!CN106-Sheet1!DO106 -> 0 | AB31: G 10 | AC31: PLTU 4 | AD31: =IF(Sheet1!AG106=MAX(Sheet1!AG$97:AG$106),0,1) -> 1 | AE31: =IF(Sheet1!AH106=MAX(Sheet1!AH$97:AH$106),0,1) -> 1 | AF31: =IF(Sheet1!AI106=MAX(Sheet1!AI$97:AI$106),0,1) -> 1 | AG31: =IF(Sheet1!AJ106=MAX(Sheet1!AJ$97:AJ$106),0,1) -> 1 | AH31: =IF(Sheet1!AK106=MAX(Sheet1!AK$97:AK$106),0,1) -> 1 | AI31: =IF(Sheet1!AL106=MAX(Sheet1!AL$97:AL$106),0,1) -> 1 | AJ31: =IF(Sheet1!AM106=MAX(Sheet1!AM$97:AM$106),0,1) -> 1 | AK31: =IF(Sheet1!AN106=MAX(Sheet1!AN$97:AN$106),0,1) -> 1 | ... BA31: =IF(Sheet1!BD106=MAX(Sheet1!BD$97:BD$106),0,1) -> 1

Sheet Sheet2
B1: #1 | C1: #2 | D1: #3 | E1: #4 | F1: #5 | G1: #6 | H1: #7
A2: 1 | B2: 505.5 | C2: 505.5 | D2: 651.3 | E2: 651.3 | F2: 992.94 | G2: 853.8 | H2: 708
A3: 2 | B3: 505.5 | C3: 505.5 | D3: 651.3 | E3: 651.3 | F3: 853.8 | G3: 853.8 | H3: 708
A4: 3 | B4: 505.5 | C4: 505.5 | D4: 651.3 | E4: 651.3 | F4: 853.8 | G4: 853.8 | H4: 708
A5: 4 | B5: 505.5 | C5: 505.5 | D5: 651.3 | E5: 651.3 | F5: 853.8 | G5: 853.8 | H5: 708
A6: 5 | B6: 505.5 | C6: 505.5 | D6: 651.3 | E6: 651.3 | F6: 853.8 | G6: 853.8 | H6: 708
A7: 6 | B7: 505.5 | C7: 505.5 | D7: 651.3 | E7: 651.3 | F7: 853.8 | G7: 853.8 | H7: 708
A8: 7 | B8: 505.5 | C8: 505.5 | D8: 651.3 | E8: 651.3 | F8: 853.8 | G8: 853.8 | H8: 708
A9: 8 | B9: 505.5 | C9: 505.5 | D9: 651.3 | E9: 651.3 | F9: 853.8 | G9: 853.8 | H9: 708
A10: 9 | B10: 505.5 | C10: 505.5 | D10: 651.3 | E10: 651.3 | F10: 853.8 | G10: 853.8 | H10: 708
A11: 10 | B11: 505.5 | C11: 505.5 | D11: 651.3 | E11: 790.44 | F11: 853.8 | G11: 853.8 | H11: 708
A12: 11 | B12: 518.46 | C12: 521.1 | D12: 651.3 | E12: 790.44 | F12: 853.8 | G12: 853.8 | H12: 723.6
A13: 12 | B13: 518.46 | C13: 521.1 | D13: 651.3 | E13: 790.44 | F13: 853.8 | G13: 853.8 | H13: 723.6
... A25: 24 | B25: 505.5 | C25: 505.5 | D25: 505.5 | E25: 651.3 | F25: 708 | G25: 853.8 | H25: 708

Sheet Gen
A1: Basic UC
A2: Unit | B2: Type | C2: Pmin | D2: Pmax | E2: a | F2: b ($/MW) | G2: c ($/h) | H2: SU_Cost ($) | I2: SD_Cost ($) | J2: Ramp_Up (MW) | K2: Ramp_Down (MW) | L2: Min_Up (h) | M2: Min_Down (h) | O2: FreeGovernor | P2: PFR_Fraction | Q2: Tg
A3: G1 | B3: PLTU 1 | C3: 627 | D3: 1176 | E3: 0 | F3: 26.08931 | G3: 3594.858 | H3: 58800 | I3: 0 | J3: 120 | K3: 120 | L3: 23 | M3: 23 | O3: 1 | P3: 0.15 | Q3: 2.25
A4: G2 | B4: PLTGU 1 | C4: 340 | D4: 1125 | E4: 0 | F4: 51.250827 | G4: 3825.0617 | H4: 90000 | I4: 0 | J4: 300 | K4: 300 | L4: 2 | M4: 12 | O4: 1 | P4: 0.2 | Q4: 1.5
A5: G3 | B5: PLTU 2 | C5: 600 | D5: 969 | E5: 0 | F5: 26.08931 | G5: 3440.0555 | H5: 48450 | I5: 0 | J5: 120 | K5: 120 | L5: 23 | M5: 23 | O5: 1 | P5: 0.2 | Q5: 1
A6: G4 | B6: PLTG 1 | C6: 85 | D6: 130 | E6: 0 | F6: 89.128422 | G6: 1662.9237 | H6: 3120 | I6: 0 | J6: 480 | K6: 480 | L6: 12 | M6: 10 | O6: 1 | P6: 0.15 | Q6: 1.75
A7: G5 | B7: PLTG 2 | C7: 66 | D7: 108 | E7: 0 | F7: 89.128422 | G7: 1291.2113 | H7: 2592 | I7: 0 | J7: 480 | K7: 480 | L7: 2 | M7: 2 | O7: 1 | P7: 0.2 | Q7: 1.25
A8: G6 | B8: PLTGU 2 | C8: 250 | D8: 1095 | E8: 0 | F8: 51.250827 | G8: 2812.5454 | H8: 87600 | I8: 0 | J8: 300 | K8: 300 | L8: 2 | M8: 2 | O8: 1 | P8: 0.2 | Q8: 1
A9: G7 | B9: PLTGU 3 | C9: 248 | D9: 810 | E9: 0 | F9: 51.250827 | G9: 2790.045 | H9: 64800 | I9: 0 | J9: 300 | K9: 300 | L9: 23 | M9: 23 | O9: 1 | P9: 0.2 | Q9: 1
A10: G8 | B10: PLTGU 4 | C10: 347.85 | D10: 773 | E10: 0 | F10: 51.250827 | G10: 3913.3756 | H10: 61840 | I10: 0 | J10: 300 | K10: 300 | L10: 1 | M10: 2 | O10: 1 | P10: 0.2 | Q10: 1
A11: G9 | B11: PLTU 3 | C11: 540 | D11: 870 | E11: 0 | F11: 26.08931 | G11: 3096.05 | H11: 43500 | I11: 0 | J11: 120 | K11: 120 | L11: 1 | M11: 3 | O11: 1 | P11: 0.2 | Q11: 1
A12: G10 | B12: PLTU 4 | C12: 600 | D12: 840 | E12: 0 | F12: 26.08931 | G12: 3440.0555 | H12: 42000 | I12: 0 | J12: 120 | K12: 120 | L12: 23 | M12: 23 | O12: 1 | P12: 0.2 | Q12: 1
A14: Initial Condition
A15: Unit | B15: Type | C15: InitialStatus | D15: InitialPower (MW) | E15: PrevUpTime (h) | F15: PrevDownTime (h)
A16: G1 | B16: PLTU 1 | C16: 1 | D16: 1176 | E16: 99 | F16: 0
A17: G2 | B17: PLTGU 1 | C17: 1 | D17: 340 | E17: 99 | F17: 0
A18: G3 | B18: PLTU 2 | C18: 1 | D18: 600 | E18: 99 | F18: 0
A19: G4 | B19: PLTG 1 | C19: 1 | D19: 85 | E19: 99 | F19: 0
A20: G5 | B20: PLTG 2 | C20: 1 | D20: 66 | E20: 99 | F20: 0
A21: G6 | B21: PLTGU 2 | C21: 1 | D21: 250 | E21: 99 | F21: 0
A22: G7 | B22: PLTGU 3 | C22: 1 | D22: 248 | E22: 99 | F22: 0
A23: G8 | B23: PLTGU 4 | C23: 1 | D23: 347.85 | E23: 99 | F23: 0
A24: G9 | B24: PLTU 3 | C24: 1 | D24: 540 | E24: 99 | F24: 0
A25: G10 | B25: PLTU 4 | C25: 1 | D25: 600 | E25: 99 | F25: 0
A27: Frequency Parameter
A28: Unit | B28: Type | C28: PrimResCost ($/MW) | D28: PrimRampUp (MW) | E28: Droop (%) | F28: H (s) | G28: FreqDeadBand (Hz) | H28: GovRamp(MW/s)
A29: G1 | B29: PLTU 1 | C29: 0 | D29: =D3-C3 -> 549 | E29: 5 | F29: 4 | G29: 0 | H29: 129.8
A30: G2 | B30: PLTGU 1 | C30: 0 | D30: =D4-C4 -> 785 | E30: 5 | F30: 9 | G30: 0 | H30: 31.654
A31: G3 | B31: PLTU 2 | C31: 0 | D31: =D5-C5 -> 369 | E31: 5 | F31: 4 | G31: 0 | H31: 85.55
A32: G4 | B32: PLTG 1 | C32: 0 | D32: =D6-C6 -> 45 | E32: 5 | F32: 6 | G32: 0 | H32: 31.948
A33: G5 | B33: PLTG 2 | C33: 0 | D33: =D7-C7 -> 42 | E33: 5 | F33: 6 | G33: 0 | H33: 24.892
A34: G6 | B34: PLTGU 2 | C34: 0 | D34: =D8-C8 -> 845 | E34: 5 | F34: 9 | G34: 0 | H34: 33.663
A35: G7 | B35: PLTGU 3 | C35: 0 | D35: =D9-C9 -> 562 | E35: 5 | F35: 9 | G35: 0 | H35: 28.42
A36: G8 | B36: PLTGU 4 | C36: 0 | D36: =D10-C10 -> 425.15 | E36: 5 | F36: 9 | G36: 0 | H36: 27.636
A37: G9 | B37: PLTU 3 | C37: 0 | D37: =D11-C11 -> 330 | E37: 5 | F37: 4 | G37: 0 | H37: 102.07
A38: G10 | B38: PLTU 4 | C38: 0 | D38: =D12-C12 -> 240 | E38: 5 | F38: 4 | G38: 0 | H38: 122.72
A41: Battery
A42: Unit | B42: Batt | C42: SOC Max | D42: SOC Min | E42: CR Max | F42: DR Max | G42: Charge Eff | H42: Discharge Eff | I42: Initial SOC | J42: Final SOC
A43: B1 | B43: 1 | C43: 155 | D43: 10 | E43: 60 | F43: 60 | G43: 1 | H43: 1 | I43: 15.5 | J43: 15.5
A44: B2 | B44: 2 | C44: 50 | D44: 10 | E44: 20 | F44: 20 | G44: 1 | H44: 1 | I44: 25 | J44: 25

Sheet Demand
A1: Hour | B1: Demand (MW) | C1: WT pu | D1: WP Potential | F1: Potensi PV (MW) | G1: Potensi WT (MW)
A2: 1 | B2: 4225.6768 | C2: 1 | D2: =C2*400 -> 400 | F2: 0 | G2: 39
A3: 2 | B3: 4173.1685 | C3: 0.846274 | D3: =C3*400 -> 338.5096 | F3: 0 | G3: 42
A4: 3 | B4: 4089.2018 | C4: 0.868585 | D4: =C4*400 -> 347.434 | F4: 0 | G4: 45
A5: 4 | B5: 4009.3834 | C5: 0.833928 | D5: =C5*400 -> 333.5712 | F5: 0 | G5: 43
A6: 5 | B6: 4009.3834 | C6: 0.929386 | D6: =C6*400 -> 371.7544 | F6: 0 | G6: 41
A7: 6 | B7: 4211.521 | C7: 0.680948 | D7: =C7*400 -> 272.3792 | F7: 4 | G7: 36
A8: 7 | B8: 4273.0604 | C8: 0.772934 | D8: =C8*400 -> 309.1736 | F8: 12 | G8: 30
A9: 8 | B9: 4224.6919 | C9: 0.593324 | D9: =C9*400 -> 237.3296 | F9: 28 | G9: 24
A10: 9 | B10: 4531.4541 | C10: 0.771487 | D10: =C10*400 -> 308.5948 | F10: 48 | G10: 21
A11: 10 | B11: 4847.0719 | C11: 0.977466 | D11: =C11*400 -> 390.9864 | F11: 64 | G11: 18
A12: 11 | B12: 4980.9846 | C12: 0.721667 | D12: =C12*400 -> 288.6668 | F12: 86 | G12: 21
A13: 12 | B13: 5032.1158 | C13: 0.451404 | D13: =C13*400 -> 180.5616 | F13: 150 | G13: 24
... A25: 24 | B25: 4496.2565 | C25: 0.350768 | D25: =C25*400 -> 140.3072 | F25: 0 | G25: 42
